Promotion,Events,Date,Venue,City,Attendance,Total Gate,Buyrate
Ultimate Fighting Championship,UFC 267,"October 30, 2021 (2021-10-30)",Etihad Arena,"Abu Dhabi, United Arab Emirates","10,171",,
Ultimate Fighting Championship,UFC Fight Night: Costa vs. Vettori,"October 23, 2021 (2021-10-23)",UFC Apex,"Enterprise, Nevada, United States",Not announced,,
Ultimate Fighting Championship,UFC Fight Night: Ladd vs. Dumont,"October 16, 2021 (2021-10-16)",UFC Apex,"Enterprise, Nevada, United States",Not announced,,
Ultimate Fighting Championship,UFC Fight Night: Dern vs. Rodriguez,"October 9, 2021 (2021-10-09)",UFC Apex,"Enterprise, Nevada, United States",Not announced,,
Ultimate Fighting Championship,UFC Fight Night: Santos vs. Walker,"October 2, 2021 (2021-10-02)",UFC Apex,"Enterprise, Nevada, United States",Not announced,,
Ultimate Fighting Championship,UFC 266,"September 25, 2021 (2021-09-25)",T-Mobile Arena,"Paradise, Nevada, United States","19,029","$5,609,906",
Ultimate Fighting Championship,UFC Fight Night: Smith vs. Spann,"September 18, 2021 (2021-09-18)",UFC Apex,"Enterprise, Nevada, United States",Not announced,,
Ultimate Fighting Championship,UFC Fight Night: Brunson vs. Till,"September 4, 2021 (2021-09-04)",UFC Apex,"Enterprise, Nevada",Not announced,,
Ultimate Fighting Championship,UFC on ESPN: Barboza vs. Chikadze,"August 28, 2021 (2021-08-28)",UFC Apex,"Enterprise, Nevada, United States",Not announced,,
Ultimate Fighting Championship,UFC on ESPN: Cannonier vs. Gastelum,"August 21, 2021 (2021-08-21)",UFC Apex,"Enterprise, Nevada, United States",Not announced,,
Ultimate Fighting Championship,UFC 265,"August 7, 2021 (2021-08-07)",Toyota Center,"Houston, Texas, United States","16,604","$3,460,000",
Ultimate Fighting Championship,UFC on ESPN: Hall vs. Strickland,"July 31, 2021 (2021-07-31)",UFC Apex,"Enterprise, Nevada",Not announced,,
Ultimate Fighting Championship,UFC on ESPN: Sandhagen vs. Dillashaw,"July 24, 2021 (2021-07-24)",UFC Apex,"Enterprise, Nevada",51,,
Ultimate Fighting Championship,UFC on ESPN: Makhachev vs. Moisés,"July 17, 2021 (2021-07-17)",UFC Apex,"Enterprise, Nevada",None (behind closed doors),,
Ultimate Fighting Championship,UFC 264,"July 10, 2021 (2021-07-10)",T-Mobile Arena,"Paradise, Nevada, United States","20,062","$15,759,800","1,800,000"
Ultimate Fighting Championship,UFC Fight Night: Gane vs. Volkov,"June 26, 2021 (2021-06-26)",UFC Apex,"Enterprise, Nevada",None (behind closed doors),,
Ultimate Fighting Championship,UFC on ESPN: The Korean Zombie vs. Ige,"June 19, 2021 (2021-06-19)",UFC Apex,"Enterprise, Nevada, United States",None (behind closed doors),,
Ultimate Fighting Championship,UFC 263,"June 12, 2021 (2021-06-12)",Gila River Arena,"Glendale, Arizona, United States","17,208","$4,200,000","600,000"
Ultimate Fighting Championship,UFC Fight Night: Rozenstruik vs. Sakai,"June 5, 2021",UFC Apex,"Enterprise, Nevada, United States",None (behind closed doors),,
Ultimate Fighting Championship,UFC Fight Night: Font vs. Garbrandt,"May 22, 2021 (2021-05-22)",UFC Apex,"Enterprise, Nevada, United States",None (behind closed doors),,
Ultimate Fighting Championship,UFC 262,"May 15, 2021 (2021-05-15)",Toyota Center,"Houston, Texas, United States","16,005","$4,110,000","300,000"
Ultimate Fighting Championship,UFC on ESPN: Rodriguez vs. Waterson,"May 8, 2021 (2021-05-08)",UFC Apex,"Enterprise, Nevada, United States",None (behind closed doors),,
Ultimate Fighting Championship,UFC on ESPN: Reyes vs. Procházka,"May 1, 2021 (2021-05-01)",UFC Apex,"Enterprise, Nevada, United States",None (behind closed doors),,
Ultimate Fighting Championship,UFC 261,"April 24, 2021 (2021-04-24)",VyStar Veterans Memorial Arena,"Jacksonville, Florida, United States","15,269","$3,300,000","700,000"
Ultimate Fighting Championship,UFC on ESPN: Whittaker vs. Gastelum,"April 17, 2021 (2021-04-17)",UFC Apex,"Enterprise, Nevada, United States",None (behind closed doors),,
Ultimate Fighting Championship,UFC on ABC: Vettori vs. Holland,"April 10, 2021 (2021-04-10)",UFC Apex,"Enterprise, Nevada, United States",None (behind closed doors),,
Ultimate Fighting Championship,UFC 260,"March 27, 2021 (2021-03-27)",UFC Apex,"Enterprise, Nevada, United States",None (behind closed doors),,
Ultimate Fighting Championship,UFC on ESPN: Brunson vs. Holland,"March 20, 2021 (2021-03-20)",UFC Apex,"Enterprise, Nevada, United States",None (behind closed doors),,
Ultimate Fighting Championship,UFC Fight Night: Edwards vs. Muhammad,"March 13, 2021 (2021-03-13)",UFC Apex,"Enterprise, Nevada, United States",None (behind closed doors),,
Ultimate Fighting Championship,UFC 259,"March 6, 2021 (2021-03-06)",UFC Apex,"Enterprise, Nevada, United States",None (behind closed doors),,"800,000"
Ultimate Fighting Championship,UFC Fight Night: Rozenstruik vs. Gane,"February 27, 2021 (2021-02-27)",UFC Apex,"Enterprise, Nevada, United States",None (behind closed doors),,
Ultimate Fighting Championship,UFC Fight Night: Blaydes vs. Lewis,"February 20, 2021 (2021-02-20)",UFC Apex,"Enterprise, Nevada, United States",None (behind closed doors),,
Ultimate Fighting Championship,UFC 258,"February 13, 2021 (2021-02-13)",UFC Apex,"Enterprise, Nevada, United States",None (behind closed doors),,
Ultimate Fighting Championship,UFC Fight Night: Overeem vs. Volkov,"February 6, 2021 (2021-02-06)",UFC Apex,"Enterprise, Nevada, United States",None (behind closed doors),,
Ultimate Fighting Championship,UFC 257,"January 24, 2021 (2021-01-24)",Etihad Arena,"Abu Dhabi, United Arab Emirates","2,600",,"1,504,737"
Ultimate Fighting Championship,UFC on ESPN: Chiesa vs. Magny,"January 20, 2021 (2021-01-20)",Etihad Arena,"Abu Dhabi, United Arab Emirates","2,000",,
Ultimate Fighting Championship,UFC on ABC: Holloway vs. Kattar,"January 16, 2021 (2021-01-16)",Etihad Arena,"Abu Dhabi, United Arab Emirates","2,000",,
Ultimate Fighting Championship,UFC Fight Night: Thompson vs. Neal,"December 19, 2020 (2020-12-19)",UFC Apex,"Enterprise, Nevada, United States",None (behind closed doors),,
Ultimate Fighting Championship,UFC 256,"December 12, 2020 (2020-12-12)",UFC Apex,"Enterprise, Nevada, United States",None (behind closed doors),,
Ultimate Fighting Championship,UFC on ESPN: Hermansson vs. Vettori,"December 5, 2020 (2020-12-05)",UFC Apex,"Enterprise, Nevada, United States",None (behind closed doors),,
Ultimate Fighting Championship,UFC on ESPN: Smith vs. Clark,"November 28, 2020 (2020-11-28)",UFC Apex,"Enterprise, Nevada, United States",None (behind closed doors),,
Ultimate Fighting Championship,UFC 255,"November 21, 2020 (2020-11-21)",UFC Apex,"Enterprise, Nevada, United States",None (behind closed doors),,
Ultimate Fighting Championship,UFC Fight Night: Felder vs. dos Anjos,"November 14, 2020 (2020-11-14)",UFC Apex,"Enterprise, Nevada, United States",None (behind closed doors),,
Ultimate Fighting Championship,UFC on ESPN: Santos vs. Teixeira,"November 7, 2020 (2020-11-07)",UFC Apex,"Enterprise, Nevada, United States",None (behind closed doors),,
Ultimate Fighting Championship,UFC Fight Night: Hall vs. Silva,"October 31, 2020 (2020-10-31)",UFC Apex,"Enterprise, Nevada, United States",None (behind closed doors),,
Ultimate Fighting Championship,UFC 254,"October 24, 2020 (2020-10-24)",du Forum,"Abu Dhabi, United Arab Emirates",None (behind closed doors),,"675,000"
Ultimate Fighting Championship,UFC Fight Night: Ortega vs. The Korean Zombie,"October 18, 2020 (2020-10-18)",du Forum,"Abu Dhabi, United Arab Emirates",None (behind closed doors),,
Ultimate Fighting Championship,UFC Fight Night: Moraes vs. Sandhagen,"October 11, 2020 (2020-10-11)",du Forum,"Abu Dhabi, United Arab Emirates",None (behind closed doors),,
Ultimate Fighting Championship,UFC on ESPN: Holm vs. Aldana,"October 4, 2020 (2020-10-04)",du Forum,"Abu Dhabi, United Arab Emirates",None (behind closed doors),,
Ultimate Fighting Championship,UFC 253,"September 27, 2020 (2020-09-27)",du Forum,"Abu Dhabi, United Arab Emirates",None (behind closed doors),,"700,000"
Ultimate Fighting Championship,UFC Fight Night: Covington vs. Woodley,"September 19, 2020 (2020-09-19)",UFC Apex,"Enterprise, Nevada, United States",None (behind closed doors),,
Ultimate Fighting Championship,UFC Fight Night: Waterson vs. Hill,"September 12, 2020 (2020-09-12)",UFC Apex,"Enterprise, Nevada, United States",None (behind closed doors),,
Ultimate Fighting Championship,UFC Fight Night: Overeem vs. Sakai,"September 5, 2020 (2020-09-05)",UFC Apex,"Enterprise, Nevada, United States",None (behind closed doors),,
Ultimate Fighting Championship,UFC Fight Night: Smith vs. Rakić,"August 29, 2020 (2020-08-29)",UFC Apex,"Enterprise, Nevada, United States",None (behind closed doors),,
Ultimate Fighting Championship,UFC on ESPN: Munhoz vs. Edgar,"August 22, 2020 (2020-08-22)",UFC Apex,"Enterprise, Nevada, United States",None (behind closed doors),,
Ultimate Fighting Championship,UFC 252,"August 15, 2020 (2020-08-15)",UFC Apex,"Enterprise, Nevada, United States",None (behind closed doors),,"500,000"
Ultimate Fighting Championship,UFC Fight Night: Lewis vs. Oleinik,"August 8, 2020 (2020-08-08)",UFC Apex,"Enterprise, Nevada, United States",None (behind closed doors),,
Ultimate Fighting Championship,UFC Fight Night: Brunson vs. Shahbazyan,"August 1, 2020 (2020-08-01)",UFC Apex,"Enterprise, Nevada, United States",None (behind closed doors),,
Ultimate Fighting Championship,UFC on ESPN: Whittaker vs. Till,"July 26, 2020 (2020-07-26)",du Forum,"Abu Dhabi, United Arab Emirates",None (behind closed doors),,
Ultimate Fighting Championship,UFC Fight Night: Figueiredo vs. Benavidez 2,"July 19, 2020 (2020-07-19)",du Forum,"Abu Dhabi, United Arab Emirates",None (behind closed doors),,
Ultimate Fighting Championship,UFC on ESPN: Kattar vs. Ige,"July 16, 2020 (2020-07-16)",du Forum,"Abu Dhabi, United Arab Emirates",None (behind closed doors),,
Ultimate Fighting Championship,UFC 251,"July 12, 2020 (2020-07-12)",du Forum,"Abu Dhabi, United Arab Emirates",None (behind closed doors),,"1,300,000"
Ultimate Fighting Championship,UFC on ESPN: Poirier vs. Hooker,"June 27, 2020 (2020-06-27)",UFC Apex,"Enterprise, Nevada, United States",None (behind closed doors),,
Ultimate Fighting Championship,UFC on ESPN: Blaydes vs. Volkov,"June 20, 2020 (2020-06-20)",UFC Apex,"Enterprise, Nevada, United States",None (behind closed doors),,
Ultimate Fighting Championship,UFC on ESPN: Eye vs. Calvillo,"June 13, 2020 (2020-06-13)",UFC Apex,"Enterprise, Nevada, United States",None (behind closed doors),,
Ultimate Fighting Championship,UFC 250,"June 6, 2020 (2020-06-06)",UFC Apex,"Enterprise, Nevada, United States",None (behind closed doors),,
Ultimate Fighting Championship,UFC on ESPN: Woodley vs. Burns,"May 30, 2020 (2020-05-30)",UFC Apex,"Enterprise, Nevada, United States",None (behind closed doors),,
Ultimate Fighting Championship,UFC on ESPN: Overeem vs. Harris,"May 16, 2020 (2020-05-16)",VyStar Veterans Memorial Arena,"Jacksonville, Florida, United States",None (behind closed doors),,
Ultimate Fighting Championship,UFC Fight Night: Smith vs. Teixeira,"May 13, 2020 (2020-05-13)",VyStar Veterans Memorial Arena,"Jacksonville, Florida, United States",None (behind closed doors),,
Ultimate Fighting Championship,UFC 249,"May 9, 2020 (2020-05-09)",VyStar Veterans Memorial Arena,"Jacksonville, Florida, United States",None (behind closed doors),,"700,000"
Ultimate Fighting Championship,UFC Fight Night: Hermansson vs. Weidman,"May 2, 2020 (cancelled)",Chesapeake Energy Arena,"Oklahoma City, Oklahoma, United States",,,
Ultimate Fighting Championship,"Canceled UFC event on April 25, 2020","April 25, 2020 (cancelled)",Pinnacle Bank Arena,"Lincoln, Nebraska, United States",,,
Ultimate Fighting Championship,UFC Fight Night: Overeem vs. Harris,"April 11, 2020 (cancelled)",Moda Center,"Portland, Oregon, United States",,,
Ultimate Fighting Championship,UFC on ESPN: Ngannou vs. Rozenstruik,"March 28, 2020 (cancelled)",Nationwide Arena,"Columbus, Ohio, United States",,,
Ultimate Fighting Championship,UFC Fight Night: Woodley vs. Edwards,"March 21, 2020 (cancelled)",The O2 Arena,"London, England",,,
Ultimate Fighting Championship,UFC Fight Night: Lee vs. Oliveira,"March 14, 2020 (2020-03-14)",Ginásio Nilson Nelson,"Brasília, Brazil",None (behind closed doors),,
Ultimate Fighting Championship,UFC 248,"March 7, 2020 (2020-03-07)",T-Mobile Arena,"Paradise, Nevada, United States","15,077","$2,742,906.20",
Ultimate Fighting Championship,UFC Fight Night: Benavidez vs. Figueiredo,"February 29, 2020 (2020-02-29)",Chartway Arena,"Norfolk, Virginia, United States","7,098","$402,958",
Ultimate Fighting Championship,UFC Fight Night: Felder vs. Hooker,"February 23, 2020 (2020-02-23)",Spark Arena,"Auckland, New Zealand","10,025","$1,239,625",
Ultimate Fighting Championship,UFC Fight Night: Anderson vs. Błachowicz 2,"February 15, 2020 (2020-02-15)",Santa Ana Star Center,"Rio Rancho, New Mexico, United States","6,449","$596,820",
Ultimate Fighting Championship,UFC 247,"February 8, 2020 (2020-02-08)",Toyota Center,"Houston, Texas, United States","17,401","$3,549,418",
Ultimate Fighting Championship,UFC Fight Night: Blaydes vs. dos Santos,"January 25, 2020 (2020-01-25)",PNC Arena,"Raleigh, North Carolina, United States","14,533","$1,303,320",
Ultimate Fighting Championship,UFC 246,"January 18, 2020 (2020-01-18)",T-Mobile Arena,"Paradise, Nevada, United States","19,040","$11,087,629.33","1,000,000[3]"
Ultimate Fighting Championship,UFC Fight Night: Edgar vs. The Korean Zombie,"December 21, 2019 (2019-12-21)",Sajik Arena,"Busan, South Korea","10,651",,
Ultimate Fighting Championship,UFC 245,"December 14, 2019 (2019-12-14)",T-Mobile Arena,"Paradise, Nevada, United States","16,811","$4,041,119.14",
Ultimate Fighting Championship,UFC on ESPN: Overeem vs. Rozenstruik,"December 7, 2019 (2019-12-07)",Capital One Arena,"Washington, D.C., United States","10,816",,
Ultimate Fighting Championship,UFC Fight Night: Błachowicz vs. Jacaré,"November 16, 2019 (2019-11-16)",Ginásio do Ibirapuera,"São Paulo, Brazil","10,344",,
Ultimate Fighting Championship,UFC Fight Night: Magomedsharipov vs. Kattar,"November 9, 2019 (2019-11-09)",CSKA Arena,"Moscow, Russia","11,305",,
Ultimate Fighting Championship,UFC 244,"November 2, 2019 (2019-11-02)",Madison Square Garden,"New York City, New York, United States","20,143","$6,575,996.19",
Ultimate Fighting Championship,UFC Fight Night: Maia vs. Askren,"October 26, 2019 (2019-10-26)",Singapore Indoor Stadium,Singapore,"7,155",,
Ultimate Fighting Championship,UFC on ESPN: Reyes vs. Weidman,"October 18, 2019 (2019-10-18)",TD Garden,"Boston, Massachusetts","12,066","$1,124,765",
Ultimate Fighting Championship,UFC Fight Night: Joanna vs. Waterson,"October 12, 2019 (2019-10-12)",Amalie Arena,"Tampa, Florida","10,597","$897,805",
Ultimate Fighting Championship,UFC 243,"October 6, 2019 (2019-10-06)",Marvel Stadium,"Melbourne, Australia","57,127","$5,470,000",
Ultimate Fighting Championship,UFC Fight Night: Hermansson vs. Cannonier,"September 28, 2019 (2019-09-28)",Royal Arena,"Copenhagen, Denmark","12,767","$1,600,000",
Ultimate Fighting Championship,UFC Fight Night: Rodríguez vs. Stephens,"September 21, 2019 (2019-09-21)",Mexico City Arena,"Mexico City, Mexico","10,112",,
Ultimate Fighting Championship,UFC Fight Night: Cowboy vs. Gaethje,"September 14, 2019 (2019-09-14)",Rogers Arena,"Vancouver, British Columbia, Canada","15,114","$1,334,931.56",
Ultimate Fighting Championship,UFC 242,"September 7, 2019 (2019-09-07)","The Arena, Yas Island","Abu Dhabi, United Arab Emirates",,,
Ultimate Fighting Championship,UFC Fight Night: Andrade vs. Zhang,"August 31, 2019 (2019-08-31)",Shenzhen Universade Sports Centre Arena,"Shenzhen, China","10,302",,
Ultimate Fighting Championship,UFC 241,"August 17, 2019 (2019-08-17)",Honda Center,"Anaheim, California","17,304","$3,237,032",
Ultimate Fighting Championship,UFC Fight Night: Shevchenko vs. Carmouche 2,"August 10, 2019 (2019-08-10)",Antel Arena,"Montevideo, Uruguay","9,225",,
Ultimate Fighting Championship,UFC on ESPN: Covington vs. Lawler,"August 3, 2019 (2019-08-03)",Prudential Center,"Newark, New Jersey","10,427","$687,778",
Ultimate Fighting Championship,UFC 240,"July 27, 2019 (2019-07-27)",Rogers Place,"Edmonton, Alberta, Canada","12,144",$1.4 million,
Ultimate Fighting Championship,UFC on ESPN: dos Anjos vs. Edwards,"July 20, 2019 (2019-07-20)",AT&T Center,"San Antonio, Texas","9,255","$841,820.61",
Ultimate Fighting Championship,UFC Fight Night: de Randamie vs. Ladd,"July 13, 2019 (2019-07-13)",Golden 1 Center,"Sacramento, California","10,306","$938,734.17",
Ultimate Fighting Championship,UFC 239,"July 6, 2019 (2019-07-06)",T-Mobile Arena,"Paradise, Nevada","18,358","$6,063,707.11",
Ultimate Fighting Championship,UFC on ESPN: Ngannou vs. dos Santos,"June 29, 2019 (2019-06-29)",Target Center,"Minneapolis, Minnesota","10,123","$952,204.77",
Ultimate Fighting Championship,UFC Fight Night: Moicano vs. The Korean Zombie,"June 22, 2019 (2019-06-22)",Bon Secours Wellness Arena,"Greenville, South Carolina","7,682","$567,930.80",
Ultimate Fighting Championship,UFC 238,"June 8, 2019 (2019-06-08)",United Center,"Chicago, Illinois","16,083","$2,034,387.49",
Ultimate Fighting Championship,UFC Fight Night: Gustafsson vs. Smith,"June 1, 2019 (2019-06-01)",Ericsson Globe,"Stockholm, Sweden","14,319","$2,000,000",
Ultimate Fighting Championship,UFC Fight Night: dos Anjos vs. Lee,"May 18, 2019 (2019-05-18)",Blue Cross Arena,"Rochester, New York","8,132","$643,000",
Ultimate Fighting Championship,UFC 237,"May 11, 2019 (2019-05-11)",Jeunesse Arena,"Rio de Janeiro, Brazil","15,193",,"110,000"
Ultimate Fighting Championship,UFC Fight Night: Iaquinta vs. Cowboy,"May 4, 2019 (2019-05-04)",Canadian Tire Centre,"Ottawa, Ontario, Canada","10,960","$807,000",
Ultimate Fighting Championship,UFC Fight Night: Jacaré vs. Hermansson,"April 27, 2019 (2019-04-27)",BB&T Center,"Sunrise, Florida","12,754","$1,209,654.09",
Ultimate Fighting Championship,UFC Fight Night: Overeem vs. Oleinik,"April 20, 2019 (2019-04-20)",Yubileyny Sports Palace,"Saint Petersburg, Russia","7,236",,
Ultimate Fighting Championship,UFC 236,"April 13, 2019 (2019-04-13)",State Farm Arena,"Atlanta, Georgia","14,297","$1,900,000",
Ultimate Fighting Championship,UFC on ESPN: Barboza vs. Gaethje,"March 30, 2019 (2019-03-30)",Wells Fargo Center,"Philadelphia, Pennsylvania","11,123","$1,102,542.16",
Ultimate Fighting Championship,UFC Fight Night: Thompson vs. Pettis,"March 23, 2019 (2019-03-23)",Bridgestone Arena,"Nashville, Tennessee","10,863","$939,095.99",
Ultimate Fighting Championship,UFC Fight Night: Till vs. Masvidal,"March 16, 2019 (2019-03-16)",The O2 Arena,"London, England","16,602","$2,400,000",
Ultimate Fighting Championship,UFC Fight Night: Lewis vs. dos Santos,"March 9, 2019 (2019-03-09)",Intrust Bank Arena,"Wichita, Kansas","7,265","$636,417",
Ultimate Fighting Championship,UFC 235,"March 2, 2019 (2019-03-02)",T-Mobile Arena,"Paradise, Nevada","14,790","$4,035,156.50",
Ultimate Fighting Championship,UFC Fight Night: Błachowicz vs. Santos,"February 23, 2019 (2019-02-23)",O2 Arena,"Prague, Czech Republic","16,583","$1,606,176",
Ultimate Fighting Championship,UFC on ESPN: Ngannou vs. Velasquez,"February 17, 2019 (2019-02-17)",Talking Stick Resort Arena,"Phoenix, Arizona","14,269","$1,400,000",
Ultimate Fighting Championship,UFC 234,"February 10, 2019 (2019-02-10)",Rod Laver Arena,"Melbourne, Australia","15,238","$2,470,088","175,000"
Ultimate Fighting Championship,UFC Fight Night: Assunção vs. Moraes 2,"February 2, 2019 (2019-02-02)",Centro de Formação Olímpica do Nordeste,"Fortaleza, Brazil","10,040",,
Ultimate Fighting Championship,UFC 233,"January 26, 2019 (cancelled)",Honda Center,"Anaheim, California",,,
Ultimate Fighting Championship,UFC Fight Night: Cejudo vs. Dillashaw,"January 19, 2019 (2019-01-19)",Barclays Center,"Brooklyn, New York","12,152","$1,230,000",
Ultimate Fighting Championship,UFC 232,"December 29, 2018 (2018-12-29)",The Forum,"Inglewood, California","15,862","$2,066,604","700,000"
Ultimate Fighting Championship,UFC on Fox: Lee vs. Iaquinta 2,"December 15, 2018 (2018-12-15)",Fiserv Forum,"Milwaukee, Wisconsin","9,010 ","$616,633",
Ultimate Fighting Championship,UFC 231,"December 8, 2018 (2018-12-08)",Scotiabank Arena,"Toronto, Ontario, Canada","19,039","$2,400,000",
Ultimate Fighting Championship,UFC Fight Night: dos Santos vs. Tuivasa,2 December 2018 (2018-12-02),Adelaide Entertainment Centre,"Adelaide, Australia","8,652","$1,026,937",
Ultimate Fighting Championship,UFC Fight Night: Blaydes vs. Ngannou 2,"November 24, 2018 (2018-11-24)",Cadillac Arena,"Beijing, China","10,302",,
Ultimate Fighting Championship,UFC Fight Night: Magny vs. Ponzinibbio,"November 17, 2018 (2018-11-17)",Estadio Mary Terán de Weiss,"Buenos Aires, Argentina","10,245",,
Ultimate Fighting Championship,UFC Fight Night: The Korean Zombie vs. Rodríguez,"November 10, 2018 (2018-11-10)",Pepsi Center,"Denver, Colorado","11,426","$946,706",
Ultimate Fighting Championship,UFC 230,"November 3, 2018 (2018-11-03)",Madison Square Garden,"New York City, New York","17,011","$2,841,718","250,000"
Ultimate Fighting Championship,UFC Fight Night: Volkan vs. Smith,"October 27, 2018 (2018-10-27)",Avenir Centre,"Moncton, New Brunswick, Canada","6,282","$528,211",
Ultimate Fighting Championship,UFC 229,"October 6, 2018 (2018-10-06)",T-Mobile Arena,"Paradise, Nevada","20,034","$17,188,894.67","2,400,000[3]"
Ultimate Fighting Championship,UFC Fight Night: Santos vs. Anders,"September 22, 2018 (2018-09-22)",Ginásio do Ibirapuera,"São Paulo, Brazil","9,485",,
Ultimate Fighting Championship,UFC Fight Night: Hunt vs. Oleinik,"September 15, 2018 (2018-09-15)",Olimpiyskiy Stadium,"Moscow, Russia","22,603","$1,840,000",
Ultimate Fighting Championship,UFC 228,"September 8, 2018 (2018-09-08)",American Airlines Center,"Dallas, Texas","14,073","$1,700,000","130,000"
Ultimate Fighting Championship,UFC Fight Night: Gaethje vs. Vick,"August 25, 2018 (2018-08-25)",Pinnacle Bank Arena,"Lincoln, Nebraska","6,409","$478,337",
Ultimate Fighting Championship,UFC 227,"August 4, 2018 (2018-08-04)",Staples Center,"Los Angeles, California","17,794","$2,850,000","300,000"
Ultimate Fighting Championship,UFC on Fox: Alvarez vs. Poirier 2,"July 28, 2018 (2018-07-28)",Scotiabank Saddledome,"Calgary, Alberta, Canada","10,603","$1.300,000",
Ultimate Fighting Championship,UFC Fight Night: Shogun vs. Smith,"July 22, 2018 (2018-07-22)",Barclaycard Arena,"Hamburg, Germany","7,798","$750,000",
Ultimate Fighting Championship,UFC Fight Night: dos Santos vs. Ivanov,"July 14, 2018 (2018-07-14)",CenturyLink Arena,"Boise, Idaho","5,648","$591,575",
Ultimate Fighting Championship,UFC 226,"July 7, 2018 (2018-07-07)",T-Mobile Arena,"Paradise, Nevada","17,464 ","$5,677,238.21","380,000"
Ultimate Fighting Championship,UFC Fight Night: Cowboy vs. Edwards,"June 23, 2018 (2018-06-23)",Singapore Indoor Stadium,Singapore,"6,419",,
Ultimate Fighting Championship,UFC 225,"June 9, 2018 (2018-06-09)",United Center,"Chicago, Illinois","18,117","$2,550,000","250,000"
Ultimate Fighting Championship,UFC Fight Night: Rivera vs. Moraes,"June 1, 2018 (2018-06-01)",Adirondack Bank Center,"Utica, New York","5,063","$322,825 ",
Ultimate Fighting Championship,UFC Fight Night: Thompson vs. Till,"May 27, 2018 (2018-05-27)",Echo Arena,"Liverpool, England","8,520","$1,300,000",
Ultimate Fighting Championship,UFC Fight Night: Maia vs. Usman,"May 19, 2018 (2018-05-19)",Movistar Arena,"Santiago, Chile","11,082",,
Ultimate Fighting Championship,UFC 224,"May 12, 2018 (2018-05-12)",Jeunesse Arena,"Rio de Janeiro, Brazil","10,696",,"85,000"
Ultimate Fighting Championship,UFC Fight Night: Barboza vs. Lee,"April 21, 2018 (2018-04-21)",Boardwalk Hall,"Atlantic City, New Jersey","9,541","$923,720",
Ultimate Fighting Championship,UFC on Fox: Poirier vs. Gaethje,"April 14, 2018",Gila River Arena,"Glendale, Arizona","11,382","$1,085,712.25",
Ultimate Fighting Championship,UFC 223,"April 7, 2018 (2018-04-07)",Barclays Center,"Brooklyn, New York","17,026","$3,007,108","350,000"
Ultimate Fighting Championship,UFC Fight Night: Werdum vs. Volkov,"March 17, 2018 (2018-03-17)",The O2 Arena,"London, England","16,274",,
Ultimate Fighting Championship,UFC 222,"March 3, 2018 (2018-03-03)",T-Mobile Arena,"Paradise, Nevada","12,041","$1,367,672","260,000"
Ultimate Fighting Championship,UFC on Fox: Emmett vs. Stephens,"February 24, 2018 (2018-02-24)",Amway Center,"Orlando, Florida","10,124","$1,064,303.50",
Ultimate Fighting Championship,UFC Fight Night: Cowboy vs. Medeiros,"February 18, 2018 (2018-02-18)",Frank Erwin Center,"Austin, Texas","10,502","$794,350",
Ultimate Fighting Championship,UFC 221,"February 11, 2018 (2018-02-11)",Perth Arena,"Perth, Western Australia","12,437","$2,810,520","130,000"
Ultimate Fighting Championship,UFC Fight Night: Machida vs. Anders,"February 3, 2018 (2018-02-03)",Arena Guilherme Paraense,"Belém, Brazil","10,144 ",,
Ultimate Fighting Championship,UFC on Fox: Jacaré vs. Brunson 2,"January 27, 2018 (2018-01-27)",Spectrum Center,"Charlotte, North Carolina, U.S","10,249","$944,202",
Ultimate Fighting Championship,UFC 220,"January 20, 2018 (2018-01-20)",TD Garden,"Boston, Massachusetts","16,015 ","$2,450,000","350,000"
Ultimate Fighting Championship,UFC Fight Night: Stephens vs. Choi,"January 14, 2018 (2018-01-14)",Scottrade Center,"St. Louis, Missouri, U.S.","10,052","$812,995",
Ultimate Fighting Championship,UFC 219,"December 30, 2017 (2017-12-30)",T-Mobile Arena,"Paradise, Nevada","13,561","$1,760,628.74","380,000"
Ultimate Fighting Championship,UFC on Fox: Lawler vs. dos Anjos,"December 16, 2017 (2017-12-16)",Bell MTS Place,"Winnipeg, Canada","8,862","$781,359",
Ultimate Fighting Championship,UFC Fight Night: Swanson vs. Ortega,"December 9, 2017 (2017-12-09)",Save Mart Center,"Fresno, California","7,605","$568,290",
Ultimate Fighting Championship,UFC 218,"December 2, 2017 (2017-12-02)",Little Caesars Arena,"Detroit, Michigan","17,587","$2,000,000","230,000"
Ultimate Fighting Championship,UFC Fight Night: Bisping vs. Gastelum,"November 25, 2017 (2017-11-25)",Mercedes Benz Arena,"Shanghai, China","15,128",,
Ultimate Fighting Championship,UFC Fight Night: Werdum vs. Tybura,"November 19, 2017 (2017-11-19)",Qudos Bank Arena,"Sydney, Australia","10,021",,
Ultimate Fighting Championship,UFC Fight Night: Poirier vs. Pettis,"November 11, 2017 (2017-11-11)",Ted Constant Convocation Center,"Norfolk, Virginia","8,442","$642,070",
Ultimate Fighting Championship,UFC 217,"November 4, 2017 (2017-11-04)",Madison Square Garden,"New York City, New York","18,201","$6,200,000","875,000"
Ultimate Fighting Championship,UFC Fight Night: Brunson vs. Machida,"October 28, 2017 (2017-10-28)",Ginásio do Ibirapuera,"São Paulo, Brazil","10,265",,
Ultimate Fighting Championship,UFC Fight Night: Cowboy vs. Till,"October 21, 2017 (2017-10-21)",Ergo Arena,"Gdańsk, Poland","11,138","$677,000",
Ultimate Fighting Championship,UFC 216,"October 7, 2017 (2017-10-07)",T-Mobile Arena,"Paradise, Nevada","10,638","$677,999.50","200,000"
Ultimate Fighting Championship,UFC Fight Night: Saint Preux vs. Okami,"September 23, 2017 (2017-09-23)",Saitama Super Arena,"Saitama, Japan","8,571",,
Ultimate Fighting Championship,UFC Fight Night: Rockhold vs. Branch,"September 16, 2017 (2017-09-16)",PPG Paints Arena,"Pittsburgh, Pennsylvania","7,005","$396,190.75",
Ultimate Fighting Championship,UFC 215,"September 9, 2017 (2017-09-09)",Rogers Place,"Edmonton, Alberta, Canada","16,232","$2,028,307","100,000"
Ultimate Fighting Championship,UFC Fight Night: Volkov vs. Struve,2 September 2017 (2017-09-02),Rotterdam Ahoy,"Rotterdam, Netherlands","10,224","$900,000",
Ultimate Fighting Championship,UFC Fight Night: Pettis vs. Moreno,5 August 2017 (2017-08-05),Arena Ciudad de México,"Mexico City, Mexico","10,172",,
Ultimate Fighting Championship,UFC 214,"July 29, 2017 (2017-07-29)",Honda Center,"Anaheim, California","16,610","$2,448,870","860,000"
Ultimate Fighting Championship,UFC on Fox: Weidman vs. Gastelum,"July 22, 2017",Nassau Veterans Memorial Coliseum,"Uniondale, New York","11,918","$1,088,332",
Ultimate Fighting Championship,UFC Fight Night: Nelson vs. Ponzinibbio,16 July 2017 (2017-07-16),The SSE Hydro,"Glasgow, Scotland","10,589","$1,200,000",
Ultimate Fighting Championship,UFC 213,"July 8, 2017 (2017-07-08)",T-Mobile Arena,"Paradise, Nevada","12,834","$2,400,000","150,000"
Ultimate Fighting Championship,UFC Fight Night: Chiesa vs. Lee,"June 25, 2017 (2017-06-25)",Chesapeake Energy Arena,"Oklahoma City, Oklahoma","7,605","$549,302",
Ultimate Fighting Championship,UFC Fight Night: Holm vs. Correia,"June 17, 2017",Singapore Indoor Stadium,Singapore,"8,414","$839,300",
Ultimate Fighting Championship,UFC Fight Night: Lewis vs. Hunt,"June 11, 2017 (2017-06-11)",Spark Arena,"Auckland, New Zealand","8,649","$1,150,428 NZD",
Ultimate Fighting Championship,UFC 212,"June 3, 2017",Jeunesse Arena,"Rio de Janeiro, Brazil","15,412",,
Ultimate Fighting Championship,UFC Fight Night: Gustafsson vs. Teixeira,"May 28, 2017 (2017-05-28)",Ericsson Globe,"Stockholm, Sweden","12,668","$1,920,000",
Ultimate Fighting Championship,UFC 211,"May 13, 2017",American Airlines Center,"Dallas, Texas","17,834","$2,662,645",
Ultimate Fighting Championship,UFC Fight Night: Swanson vs. Lobov,"April 22, 2017 (2017-04-22)",Bridgestone Arena,"Nashville, Tennessee","10,144","$755,180",
Ultimate Fighting Championship,UFC on Fox: Johnson vs. Reis,"April 15, 2017",Sprint Center,"Kansas City, Missouri","12,171","$1,081,193 ",
Ultimate Fighting Championship,UFC 210,"April 8, 2017",KeyBank Center,"Buffalo, New York","17,110","$2,000,000 ","300,000"
Ultimate Fighting Championship,UFC Fight Night: Manuwa vs. Anderson,18 March 2017,The O2 Arena,"London, England","15,761","$2,015,777",
Ultimate Fighting Championship,UFC Fight Night: Belfort vs. Gastelum,"March 11, 2017",Centro de Formação Olímpica do Nordeste,"Fortaleza, Brazil","14,069",,
Ultimate Fighting Championship,UFC 209,"March 4, 2017",T-Mobile Arena,"Las Vegas, Nevada","13,150","$2,385,230",
Ultimate Fighting Championship,UFC Fight Night: Lewis vs. Browne,"February 19, 2017 (2017-02-19)",Scotiabank Centre,"Halifax, Nova Scotia, Canada","8,123","$575,832",
Ultimate Fighting Championship,UFC 208,"February 11, 2017",Barclays Center,"Brooklyn, New York","15,628","$2,275,105",
Ultimate Fighting Championship,UFC Fight Night: Bermudez vs. The Korean Zombie,"February 4, 2017 (2017-02-04)",Toyota Center,"Houston, Texas","8,119","$611,133",
Ultimate Fighting Championship,UFC on Fox: Shevchenko vs. Peña,"January 28, 2017",Pepsi Center,"Denver, Colorado","13,233","$1,020,434",
Ultimate Fighting Championship,UFC Fight Night: Rodríguez vs. Penn,"January 15, 2017 (2017-01-15)",Talking Stick Resort Arena,"Phoenix, Arizona","11,589","$913,372.75",
Ultimate Fighting Championship,UFC 207,"December 30, 2016 (2016-12-30)",T-Mobile Arena,"Paradise, Nevada","18,533","$4,750,000","1,100,000"
Ultimate Fighting Championship,UFC on Fox: VanZant vs. Waterson,"December 17, 2016 (2016-12-17)",Golden 1 Center,"Sacramento, California","10,525","$1,238,992",
Ultimate Fighting Championship,UFC 206,"December 10, 2016 (2016-12-10)",Air Canada Centre,"Toronto, Ontario, Canada","18,057","$1,843,101",
Ultimate Fighting Championship,UFC Fight Night: Lewis vs. Abdurakhimov,"December 9, 2016 (2016-12-09)",Times Union Center,"Albany, New York","6,216","$411,000",
Ultimate Fighting Championship,UFC Fight Night: Whittaker vs. Brunson,"November 27, 2016 (2016-11-27)",Rod Laver Arena,"Melbourne, Australia","13,721","2,200,000 AUD",
Ultimate Fighting Championship,UFC Fight Night: Bader vs. Nogueira 2,"November 19, 2016 (2016-11-19)",Ginásio do Ibirapuera,"São Paulo, Brazil","9,028",,
Ultimate Fighting Championship,UFC Fight Night: Mousasi vs. Hall 2,19 November 2016,The SSE Arena,"Belfast, Northern Ireland","7,222","$850,000",
Ultimate Fighting Championship,UFC 205,"November 12, 2016 (2016-11-12)",Madison Square Garden,"New York City, U.S.","20,427","$17,700,000","1,300,000"
Ultimate Fighting Championship,UFC Fight Night: Lamas vs. Penn,"October 15, 2016 (cancelled)",Mall of Asia Arena,"Pasay, Philippines",,,
Ultimate Fighting Championship,UFC 204,"October 8, 2016 (2016-10-08)",Manchester Arena,"Manchester, England","16,000","$1,960,000","290,000 "
Ultimate Fighting Championship,UFC Fight Night: Lineker vs. Dodson,"October 1, 2016 (2016-10-01)",Moda Center,"Portland, Oregon","6,240","$501,035",
Ultimate Fighting Championship,UFC Fight Night: Cyborg vs. Länsberg,"September 24, 2016 (2016-09-24)",Ginásio Nilson Nelson,"Brasília, Brazil","8,410",,
Ultimate Fighting Championship,UFC Fight Night: Poirier vs. Johnson,"September 17, 2016 (2016-09-17)",State Farm Arena,"Hidalgo, Texas","5,624","$323,419",
Ultimate Fighting Championship,UFC 203,"September 10, 2016 (2016-09-10)",Quicken Loans Arena,"Cleveland, Ohio","18,875","$2,600,000","450,000"
Ultimate Fighting Championship,UFC Fight Night: Arlovski vs. Barnett,"September 3, 2016 (2016-09-03)",Barclaycard Arena,"Hamburg, Germany","11,763","$913,428",
Ultimate Fighting Championship,UFC on Fox: Maia vs. Condit,"August 27, 2016 (2016-08-27)",Rogers Arena,"Vancouver, British Columbia, Canada","10,533","C$995,624",
Ultimate Fighting Championship,UFC 202,"August 20, 2016 (2016-08-20)",T-Mobile Arena,"Paradise, Nevada","15,539","$7,700,810","1,650,000[3]"
Ultimate Fighting Championship,UFC Fight Night: Rodríguez vs. Caceres,"August 6, 2016 (2016-08-06)",Vivint Arena,"Salt Lake City, Utah","6,689","$481,033",
Ultimate Fighting Championship,UFC 201,"July 30, 2016 (2016-07-30)",Philips Arena,"Atlanta, Georgia","10,240","$1,070,000","240,000"
Ultimate Fighting Championship,UFC on Fox: Holm vs. Shevchenko,"July 23, 2016 (2016-07-23)",United Center,"Chicago, Illinois","10,287","$1,000,000",
Ultimate Fighting Championship,UFC Fight Night: McDonald vs. Lineker,"July 13, 2016 (2016-07-13)",Denny Sanford Premier Center,"Sioux Falls, South Dakota","5,671","$381,945",
Ultimate Fighting Championship,UFC 200,"July 9, 2016 (2016-07-09)",T-Mobile Arena,"Paradise, Nevada","18,202","$10,700,000","1,009,000[3]"
Ultimate Fighting Championship,UFC Fight Night: dos Anjos vs. Alvarez,"July 7, 2016 (2016-07-07)",MGM Grand Garden Arena,"Las Vegas, Nevada","7,760","$690,526",
Ultimate Fighting Championship,UFC Fight Night: MacDonald vs. Thompson,"June 18, 2016",TD Place Arena,"Ottawa, Ontario, Canada","10,490","$1,278,250",
Ultimate Fighting Championship,UFC 199,"June 4, 2016 (2016-06-04)",The Forum,"Inglewood, California","15,587","$2,168,675","283,000-320,000[3]"
Ultimate Fighting Championship,UFC Fight Night: Almeida vs. Garbrandt,"May 29, 2016",Mandalay Bay Events Center,"Las Vegas, Nevada","5,193","$359,000",
Ultimate Fighting Championship,UFC 198,"May 14, 2016",Arena da Baixada,"Curitiba, Brazil","45,207",,"217,000[3]"
Ultimate Fighting Championship,UFC Fight Night: Overeem vs. Arlovski,"May 8, 2016",Rotterdam Ahoy,"Rotterdam, Netherlands","10,421","$1,523,320",
Ultimate Fighting Championship,UFC 197,"April 23, 2016 (2016-04-23)",MGM Grand Garden Arena,"Las Vegas, Nevada","11,352 ","$2,300,000","322,000[3]"
Ultimate Fighting Championship,UFC on Fox: Teixeira vs. Evans,"April 16, 2016",Amalie Arena,"Tampa, Florida","11,273","$1,057,000",
Ultimate Fighting Championship,UFC Fight Night: Rothwell vs. dos Santos,"April 10, 2016",Arena Zagreb,"Zagreb, Croatia","13,177","$549,000",
Ultimate Fighting Championship,UFC Fight Night: Hunt vs. Mir,"March 20, 2016",Brisbane Entertainment Centre,"Brisbane, Australia","9,552","$1,000,000",
Ultimate Fighting Championship,UFC 196,"March 5, 2016 (2016-03-05)",MGM Grand Garden Arena,"Las Vegas, Nevada","14,898","$8,197,628","1,317,000[3]"
Ultimate Fighting Championship,UFC Fight Night: Silva vs. Bisping,27 February 2016,The O2 Arena,"London, England","16,734","$2,000,000",
Ultimate Fighting Championship,UFC Fight Night: Cowboy vs. Cowboy,"February 21, 2016 (2016-02-21)",Consol Energy Center,"Pittsburgh, Pennsylvania","7,330","$572,547",
Ultimate Fighting Championship,UFC Fight Night: Hendricks vs. Thompson,"February 6, 2016 (2016-02-06)",MGM Grand Garden Arena,"Las Vegas, Nevada","7,422","$1,435,000",
Ultimate Fighting Championship,UFC on Fox: Johnson vs. Bader,"January 30, 2016 (2016-01-30)",Prudential Center,"Newark, New Jersey","10,555","$818,000",
Ultimate Fighting Championship,UFC Fight Night: Dillashaw vs. Cruz,"January 17, 2016 (2016-01-17)",TD Garden,"Boston, Massachusetts","12,790","$1,300,000",
Ultimate Fighting Championship,UFC 195,"January 2, 2016 (2016-01-02)",MGM Grand Garden Arena,"Las Vegas, Nevada, U.S.","10,300","$2,003,986","300,000"
Ultimate Fighting Championship,UFC on Fox: dos Anjos vs. Cowboy 2,"December 19, 2015 (2015-12-19)",Amway Center,"Orlando, Florida","14,459","$1,710,000",
Ultimate Fighting Championship,UFC 194,"December 12, 2015 (2015-12-12)",MGM Grand Garden Arena,"Las Vegas, Nevada","16,516","$10,006,249","1,200,000[3]"
Ultimate Fighting Championship,UFC Fight Night: Namajunas vs. VanZant,"December 10, 2015 (2015-12-10)",The Chelsea at The Cosmopolitan,"Las Vegas, Nevada","1,643","$234,725",
Ultimate Fighting Championship,UFC Fight Night: Henderson vs. Masvidal,"November 28, 2015 (2015-11-28)",Olympic Gymnastics Arena,"Seoul, South Korea","12,156",,
Ultimate Fighting Championship,UFC 193,14 November 2015 (2015-11-14)[1],Docklands Stadium,"Melbourne, Australia","56,214","$6,800,000","1,100,000[3]"
Ultimate Fighting Championship,UFC Fight Night: Belfort vs. Henderson 3,"November 7, 2015",Ginásio do Ibirapuera,"São Paulo, Brazil","10,628",,
Ultimate Fighting Championship,UFC Fight Night: Holohan vs. Smolka,"October 24, 2015 (2015-10-24)",3Arena,"Dublin, Ireland","9,500",,
Ultimate Fighting Championship,UFC 192,"October 3, 2015 (2015-10-03)",Toyota Center,"Houston, Texas","14,622","$1,859,000","250,000"
Ultimate Fighting Championship,UFC Fight Night: Barnett vs. Nelson,"September 27, 2015 (2015-09-27)",Saitama Super Arena,"Saitama, Japan","10,137",,
Ultimate Fighting Championship,UFC 191,"September 5, 2015 (2015-09-05)",MGM Grand Garden Arena,"Las Vegas, Nevada","10,873","$1,362,700","115,000"
Ultimate Fighting Championship,UFC Fight Night: Holloway vs. Oliveira,"August 23, 2015 (2015-08-23)",SaskTel Centre,"Saskatoon, Saskatchewan, Canada","7,202",,
Ultimate Fighting Championship,UFC Fight Night: Teixeira vs. Saint Preux,"August 8, 2015 (2015-08-08)",Bridgestone Arena,"Nashville, Tennessee","7,539","$454,551",
Ultimate Fighting Championship,UFC 190,"August 1, 2015 (2015-08-01)",HSBC Arena,"Rio de Janeiro, Brazil","14,723",,"900,000 "
Ultimate Fighting Championship,UFC on Fox: Dillashaw vs. Barão 2,"July 25, 2015 (2015-07-25)",United Center,"Chicago, Illinois","11,663","$1,200,000",
Ultimate Fighting Championship,UFC Fight Night: Bisping vs. Leites,18 July 2015 (2015-07-18),OVO Hydro,"Glasgow, Scotland","10,451","$1,500,000",
Ultimate Fighting Championship,UFC Fight Night: Mir vs. Duffee,"July 15, 2015 (2015-07-15)",Valley View Casino Center,"San Diego, California","5,471","$412,000",
Ultimate Fighting Championship,UFC 189,"July 11, 2015 (2015-07-11)",MGM Grand Garden Arena,"Las Vegas, Nevada","16,019","$7,201,648","825,000[3]"
Ultimate Fighting Championship,UFC Fight Night: Machida vs. Romero,"June 27, 2015 (2015-06-27)",Seminole Hard Rock Hotel and Casino,"Hollywood, Florida","5,604",,
Ultimate Fighting Championship,UFC Fight Night: Jędrzejczyk vs. Penne,"June 20, 2015 (2015-06-20)",O2 World,"Berlin, Germany","8,155",,
Ultimate Fighting Championship,UFC 188,"June 13, 2015 (2015-06-13)",Arena Ciudad de México,"Mexico City, Mexico","21,036",,"300,000"
Ultimate Fighting Championship,UFC Fight Night: Boetsch vs. Henderson,"June 6, 2015 (2015-06-06)",Smoothie King Center,"New Orleans, Louisiana","6,231","$621,523",
Ultimate Fighting Championship,UFC Fight Night: Condit vs. Alves,"May 30, 2015 (2015-05-30)",Goiânia Arena,"Goiânia, Brazil","3,500",,
Ultimate Fighting Championship,UFC 187,"May 23, 2015 (2015-05-23)",MGM Grand Garden Arena,"Las Vegas, Nevada","12,615","$5,189,623","375,000[3]"
Ultimate Fighting Championship,UFC Fight Night: Edgar vs. Faber,"May 16, 2015 (2015-05-16)",Mall of Asia Arena,"Pasay, Philippines","13,446",,
Ultimate Fighting Championship,UFC Fight Night: Miocic vs. Hunt,10 May 2015 (2015-05-10),Adelaide Entertainment Centre,"Adelaide, Australia","7,984","$833,810",
Ultimate Fighting Championship,UFC 186,"April 25, 2015 (2015-04-25)",Bell Centre,"Montreal, Quebec, Canada","10,154","$668,000","125,000"
Ultimate Fighting Championship,UFC on Fox: Machida vs. Rockhold,"April 18, 2015 (2015-04-18)",Prudential Center,"Newark, New Jersey","13,306","$1,200,000",
Ultimate Fighting Championship,UFC Fight Night: Gonzaga vs. Cro Cop 2,"April 11, 2015 (2015-04-11)",Tauron Arena Kraków,"Kraków, Poland","10,000","$720,000",
Ultimate Fighting Championship,UFC Fight Night: Mendes vs. Lamas,"April 4, 2015 (2015-04-04)",Patriot Center,"Fairfax, Virginia","5,417","$545,604",
Ultimate Fighting Championship,UFC Fight Night: Maia vs. LaFlare,"March 21, 2015 (2015-03-21)",Ginásio do Maracanãzinho,"Rio de Janeiro, Brazil","7,707",,
Ultimate Fighting Championship,UFC 185,"March 14, 2015 (2015-03-14)",American Airlines Center,"Dallas, Texas","14,298","$2,155,630","310,000"
Ultimate Fighting Championship,UFC 184,"February 28, 2015 (2015-02-28)",Staples Center,"Los Angeles, California","16,577","$2,675,560","600,000"
Ultimate Fighting Championship,UFC Fight Night: Bigfoot vs. Mir,"February 22, 2015 (2015-02-22)",Ginásio Gigantinho,"Porto Alegre, Brazil","5,080",,
Ultimate Fighting Championship,UFC Fight Night: Henderson vs. Thatch,"February 14, 2015 (2015-02-14)",1stBank Center,"Broomfield, Colorado","5,807","$382,875",
Ultimate Fighting Championship,UFC 183,"January 31, 2015 (2015-01-31)",MGM Grand Garden Arena,"Las Vegas, Nevada","13,114","$4,500,000","650,000"
Ultimate Fighting Championship,UFC on Fox: Gustafsson vs. Johnson,"January 24, 2015 (2015-01-24)",Tele2 Arena,"Stockholm, Sweden","30,000",$3.1 million,
Ultimate Fighting Championship,UFC Fight Night: McGregor vs. Siver,"January 18, 2015 (2015-01-18)",TD Garden,"Boston, Massachusetts","13,828","$1,340,000",
Ultimate Fighting Championship,UFC 182,"January 3, 2015 (2015-01-03)",MGM Grand Garden Arena,"Las Vegas, Nevada","11,575","$3,700,000","800,000"
Ultimate Fighting Championship,UFC Fight Night: Machida vs. Dollaway,"December 20, 2014 (2014-12-20)",Ginásio José Corrêa,"Barueri, Brazil",,,
Ultimate Fighting Championship,UFC on Fox: dos Santos vs. Miocic,"December 13, 2014 (2014-12-13)",U.S. Airways Center,"Phoenix, Arizona","15,350",$1.5 million,
Ultimate Fighting Championship,UFC 181,"December 6, 2014 (2014-12-06)",Mandalay Bay Events Center,"Las Vegas, Nevada","11,617",$2.488 million,"400,000"
Ultimate Fighting Championship,UFC Fight Night: Edgar vs. Swanson,"November 22, 2014",Frank Erwin Center,"Austin, Texas","10,131","$670,022",
Ultimate Fighting Championship,UFC 180,"November 15, 2014 (2014-11-15)",Arena Ciudad de México,"Mexico City, Mexico","21,000",,"185,000"
Ultimate Fighting Championship,UFC Fight Night: Shogun vs. Saint Preux,"November 8, 2014 (2014-11-08)",Ginásio Municipal Tancredo Neves,"Uberlândia, Brazil","5,671",,
Ultimate Fighting Championship,UFC Fight Night: Rockhold vs. Bisping,"November 8, 2014 (2014-11-08)",Allphones Arena,"Sydney, Australia","9,904",$1.5 million,
Ultimate Fighting Championship,UFC 179,"October 25, 2014 (2014-10-25)",Ginásio do Maracanãzinho,"Rio de Janeiro, Brazil","11,415",,"180,000"
Ultimate Fighting Championship,UFC Fight Night: MacDonald vs. Saffiedine,"October 4, 2014 (2014-10-04)",Scotiabank Centre,"Halifax, Nova Scotia, Canada","10,782","$926,000",
Ultimate Fighting Championship,UFC Fight Night: Nelson vs. Story,"October 4, 2014 (2014-10-04)",Ericsson Globe Arena,"Stockholm, Sweden","10,026",$1.1 million,
Ultimate Fighting Championship,UFC 178,"September 27, 2014 (2014-09-27)",MGM Grand Garden Arena,"Las Vegas, Nevada","14,544",$2.2 million,"205,000[3]"
Ultimate Fighting Championship,UFC Fight Night: Hunt vs. Nelson,"September 20, 2014 (2014-09-20)",Saitama Super Arena,"Saitama, Japan","12,395",,
Ultimate Fighting Championship,UFC Fight Night: Bigfoot vs. Arlovski,"September 13, 2014 (2014-09-13)",Ginásio Nilson Nelson,"Brasília, Brazil","8,822",,
Ultimate Fighting Championship,UFC Fight Night: Jacaré vs. Mousasi,"September 5, 2014 (2014-09-05)",Foxwoods Resort Casino,"Mashantucket, Connecticut","4,086","$479,620",
Ultimate Fighting Championship,UFC 177,"August 30, 2014 (2014-08-30)",Sleep Train Arena,"Sacramento, California","11,100","$700,000","125,000"
Ultimate Fighting Championship,UFC Fight Night: Henderson vs. dos Anjos,"August 23, 2014 (2014-08-23)",BOK Center,"Tulsa, Oklahoma","7,119","$452,075",
Ultimate Fighting Championship,UFC Fight Night: Bisping vs. Le,"August 23, 2014 (2014-08-23)",CotaiArena,"Macau, SAR, China","7,022",,
Ultimate Fighting Championship,UFC Fight Night: Bader vs. Saint Preux,"August 16, 2014 (2014-08-16)",Cross Insurance Center,"Bangor, Maine","5,329","$321,470",
Ultimate Fighting Championship,UFC 176,"August 2, 2014 (cancelled)",Staples Center,"Los Angeles, California",,,
Ultimate Fighting Championship,UFC on Fox: Lawler vs. Brown,"July 26, 2014 (2014-07-26)",SAP Center,"San Jose, California","11,482","$735,317",
Ultimate Fighting Championship,UFC Fight Night: McGregor vs. Brandão,"July 19, 2014 (2014-07-19)",The O2,"Dublin, Ireland","9,500",$1.4 million,
Ultimate Fighting Championship,UFC Fight Night: Cowboy vs. Miller,"July 16, 2014 (2014-07-16)",Revel Casino Hotel,"Atlantic City, New Jersey","4,115",,
Ultimate Fighting Championship,UFC 175,"July 5, 2014 (2014-07-05)",Mandalay Bay Events Center,"Las Vegas, Nevada","10,988","$4,400,000","545,000"
Ultimate Fighting Championship,UFC Fight Night: Swanson vs. Stephens,"June 28, 2014 (2014-06-28)",AT&T Center,"San Antonio, Texas","9,227","$728,358",
Ultimate Fighting Championship,UFC Fight Night: Te Huna vs. Marquardt,"June 28, 2014 (2014-06-28)",Vector Arena,"Auckland, New Zealand","8,089","$913,000",
Ultimate Fighting Championship,UFC 174,"June 14, 2014 (2014-06-14)",Rogers Arena,"Vancouver, British Columbia, Canada","13,506",$1.14 million,"115,000"
Ultimate Fighting Championship,UFC Fight Night: Henderson vs. Khabilov,"June 7, 2014 (2014-06-07)",Tingley Coliseum,"Albuquerque, New Mexico","8,775","$697,901",
Ultimate Fighting Championship,UFC Fight Night: Muñoz vs. Mousasi,"May 31, 2014 (2014-05-31)",O2 World,"Berlin, Germany","8,000",,
Ultimate Fighting Championship,UFC 173,"May 24, 2014 (2014-05-24)",MGM Grand Garden Arena,"Las Vegas, Nevada","13,936",$1.7 million,"215,000 "
Ultimate Fighting Championship,UFC Fight Night: Brown vs. Silva,"May 10, 2014 (2014-05-10)",U.S. Bank Arena,"Cincinnati, Ohio","6,143","$415,000",
Ultimate Fighting Championship,UFC 172,"April 26, 2014 (2014-04-26)",Baltimore Arena,"Baltimore, Maryland","13,485",$2.3 million,"350,000 "
Ultimate Fighting Championship,UFC on Fox: Werdum vs. Browne,"April 19, 2014",Amway Center,"Orlando, Florida","14,410","$1,651,776",
Ultimate Fighting Championship,UFC Fight Night: Nogueira vs. Nelson,"April 11, 2014 (2014-04-11)",du Arena,"Abu Dhabi, United Arab Emirates","7,963","$1,800,000",
Ultimate Fighting Championship,UFC Fight Night: Shogun vs. Henderson 2,"March 23, 2014 (2014-03-23)",Ginásio Nélio Dias,"Natal, Brazil","6,828",,
Ultimate Fighting Championship,UFC 171,"March 15, 2014 (2014-03-15)",American Airlines Center,"Dallas, Texas","19,324","$2,600,000","300,000 "
Ultimate Fighting Championship,UFC Fight Night: Gustafsson vs. Manuwa,"March 8, 2014 (2014-03-08)",The O2 Arena,"London, England","14,604","$2,000,056",
Ultimate Fighting Championship,UFC 170,"February 22, 2014 (2014-02-22)",Mandalay Bay Events Center,"Las Vegas, Nevada","10,217","$1,558,870","340,000"
Ultimate Fighting Championship,UFC Fight Night: Machida vs. Mousasi,"February 15, 2014",Arena Jaraguá,"Jaraguá do Sul, Brazil","7,511",,
Ultimate Fighting Championship,UFC 169,"February 1, 2014 (2014-02-01)",Prudential Center,"Newark, New Jersey","14,308",$1.651 million,"230,000"
Ultimate Fighting Championship,UFC on Fox: Henderson vs. Thomson,"January 25, 2014",United Center,"Chicago, Illinois","10,895","$863,655",
Ultimate Fighting Championship,UFC Fight Night: Rockhold vs. Philippou,"January 15, 2014",The Arena at Gwinnett Center,"Duluth, Georgia","5,822","$231,951",
Ultimate Fighting Championship,UFC Fight Night: Saffiedine vs. Lim,"January 4, 2014",Marina Bay Sands,"Marina Bay, Singapore","5,216",,
Ultimate Fighting Championship,UFC 168,"December 28, 2013",MGM Grand Garden Arena,"Las Vegas, Nevada","15,650","$6,238,792","1,025,000[3]"
Ultimate Fighting Championship,UFC on Fox: Johnson vs. Benavidez 2,"December 14, 2013",Sleep Train Arena,"Sacramento, California","11,573","$1,066,610",
Ultimate Fighting Championship,UFC Fight Night: Hunt vs. Bigfoot,"December 6, 2013",Brisbane Entertainment Centre,"Brisbane, Queensland, Australia","11,393",$1.785 million,
Ultimate Fighting Championship,UFC 167,"November 16, 2013",MGM Grand Garden Arena,"Las Vegas, Nevada","14,856","$5,759,350","630,000"
Ultimate Fighting Championship,UFC Fight Night: Belfort vs. Henderson 2,"November 9, 2013",Goiânia Arena,"Goiânia, Brazil","10,565",,
Ultimate Fighting Championship,UFC Fight Night: Machida vs. Muñoz,"October 26, 2013",Phones 4u Arena,"Manchester, United Kingdom","10,355",$1.5 million,
Ultimate Fighting Championship,UFC 166,"October 19, 2013",Toyota Center,"Houston, Texas","17,238",$2.5 million,"330,000"
Ultimate Fighting Championship,UFC Fight Night: Maia vs. Shields,"October 9, 2013",Ginásio José Corrêa,"Barueri, Brazil","6,621",,
Ultimate Fighting Championship,UFC 165,"September 21, 2013",Air Canada Centre,"Toronto, Ontario, Canada","15,504",$1.9 million,"310,000"
Ultimate Fighting Championship,UFC Fight Night: Teixeira vs. Bader,"September 4, 2013",Mineirinho Arena,"Belo Horizonte, Brazil","5,126",,
Ultimate Fighting Championship,UFC 164,"August 31, 2013",BMO Harris Bradley Center,"Milwaukee, Wisconsin","9,178","$907,116","270,000"
Ultimate Fighting Championship,UFC Fight Night: Condit vs. Kampmann 2,"August 28, 2013",Bankers Life Fieldhouse,"Indianapolis, Indiana","6,417","$355,290",
Ultimate Fighting Championship,UFC Fight Night: Shogun vs. Sonnen,"August 17, 2013",TD Garden,"Boston, Massachusetts","14,181","$1,534,000",
Ultimate Fighting Championship,UFC 163,"August 3, 2013",HSBC Arena,"Rio De Janeiro, Brazil","13,873",,"180,000"
Ultimate Fighting Championship,UFC on Fox: Johnson vs. Moraga,"July 27, 2013",KeyArena,"Seattle, Washington","8,967","$700,081",
Ultimate Fighting Championship,UFC 162,"July 6, 2013",MGM Grand Garden Arena,"Las Vegas, Nevada","12,964",$4.826 million,"550,000"
Ultimate Fighting Championship,UFC 161,"June 15, 2013",MTS Centre,"Winnipeg, Manitoba, Canada","14,754",$3.15 million,"140,000"
Ultimate Fighting Championship,UFC 160,"May 25, 2013",MGM Grand Garden Arena,"Las Vegas, Nevada","13,880",$2.942 million,"380,000"
Ultimate Fighting Championship,UFC on FX: Belfort vs. Rockhold,"May 18, 2013",Arena Jaraguá,"Jaraguá do Sul, Brazil","7,642",,
Ultimate Fighting Championship,UFC 159,"April 27, 2013",Prudential Center,"Newark, New Jersey","15,227","$2,700,000","530,000"
Ultimate Fighting Championship,2013 in UFC,"January 19, 2013",Ginásio do Ibirapuera,13,"9,116[33]",$1.333 million[24],
Ultimate Fighting Championship,UFC on Fuel TV: Mousasi vs. Latifi,"April 6, 2013",Ericsson Globe Arena,"Stockholm, Sweden","14,506","$2,710,530",
Ultimate Fighting Championship,UFC 158,"March 16, 2013",Bell Centre,"Montreal, Quebec, Canada","20,145","$3,630,166 ","950,000"
Ultimate Fighting Championship,UFC on Fuel TV: Silva vs. Stann,"March 3, 2013",Saitama Super Arena,"Saitama, Japan","14,682",,
Ultimate Fighting Championship,UFC 157,"February 23, 2013",Honda Center,"Anaheim, California","13,257","1,350,191","450,000"
Ultimate Fighting Championship,UFC on Fuel TV: Barão vs. McDonald,"February 16, 2013",Wembley Arena,"London, United Kingdom","10,349","$1,300,000",
Ultimate Fighting Championship,UFC 156,"February 2, 2013",Mandalay Bay Events Center,"Paradise, Nevada","10,875","$2,437,150","330,000"
Ultimate Fighting Championship,UFC on Fox: Johnson vs. Dodson,"January 26, 2013",United Center,"Chicago, Illinois","16,091","$1,270,000",
Ultimate Fighting Championship,2013 in UFC,"January 19, 2013",Ginásio do Ibirapuera,13,"9,116[33]",$1.333 million[24],
Ultimate Fighting Championship,UFC 155,"December 29, 2012",MGM Grand Garden Arena,"Las Vegas, Nevada","13,561","$3,286,025","590,000"
Ultimate Fighting Championship,UFC on Fox: Henderson vs. Diaz,"December 8, 2012",KeyArena,"Seattle, Washington","14,387","$1,522,600",
Ultimate Fighting Championship,UFC 154,"November 17, 2012",Bell Centre,"Montreal, Quebec, Canada","17,249","$3,143,000","700,000"
Ultimate Fighting Championship,UFC on Fuel TV: Franklin vs. Le,"November 10, 2012",CotaiArena,"Macau, SAR, China","8,415","$1,300,000",
Ultimate Fighting Championship,UFC 153,"October 13, 2012",HSBC Arena,"Rio de Janeiro, Brazil","16,844",$2.5–$2.6 million,"410,000"
Ultimate Fighting Championship,UFC on FX: Browne vs. Bigfoot,"October 5, 2012",Target Center,"Minneapolis, Minnesota","7,049","$358,000",
Ultimate Fighting Championship,UFC on Fuel TV: Struve vs. Miocic,"September 29, 2012",Capital FM Arena,"Nottingham, United Kingdom","7,241","$970,000",
Ultimate Fighting Championship,UFC 152,"September 22, 2012",Air Canada Centre,"Toronto, Ontario, Canada","16,800","$1,921,000 ","450,000 "
Ultimate Fighting Championship,UFC 151,"September 1, 2012 (cancelled)",Mandalay Bay Events Center,"Las Vegas, Nevada",,,
Ultimate Fighting Championship,UFC 150,"August 11, 2012",Pepsi Center,"Denver, Colorado","13,027","$619,955","190,000"
Ultimate Fighting Championship,UFC on Fox: Shogun vs. Vera,"August 4, 2012",Staples Center,"Los Angeles, California","16,080","$1,100,000",
Ultimate Fighting Championship,2012 in UFC,"January 28, 2012",United Center,14 (1 cancelled),"16,963[32]","$1,270,960[32]","235,000[76]"
Ultimate Fighting Championship,UFC on Fuel TV: Muñoz vs. Weidman,"July 11, 2012",HP Pavilion,"San Jose, California","4,250","$163,495",
Ultimate Fighting Championship,UFC 148,"July 7, 2012",MGM Grand Garden Arena,"Las Vegas, Nevada","15,104","$6,901,655","925,000"
Ultimate Fighting Championship,UFC 147,"June 23, 2012",Mineirinho Arena,"Belo Horizonte, Brazil","16,643",,"140,000"
Ultimate Fighting Championship,UFC on FX: Maynard vs. Guida,"June 22, 2012",Revel Casino,"Atlantic City, New Jersey","4,652",,
Ultimate Fighting Championship,2012 in UFC,"January 28, 2012",United Center,14 (1 cancelled),"16,963[32]","$1,270,960[32]","235,000[76]"
Ultimate Fighting Championship,UFC 146,"May 26, 2012",MGM Grand Garden Arena,"Las Vegas, Nevada","14,674","$3,428,775","560,000[3]"
Ultimate Fighting Championship,2012 in UFC,"January 28, 2012",United Center,14 (1 cancelled),"16,963[32]","$1,270,960[32]","235,000[76]"
Ultimate Fighting Championship,UFC on Fox: Diaz vs. Miller,"May 5, 2012",IZOD Center,"East Rutherford, New Jersey","10,788","$1,100,000",
Ultimate Fighting Championship,UFC 145,"April 21, 2012",Philips Arena,"Atlanta, Georgia","15,545","$2,200,000","700,000"
Ultimate Fighting Championship,UFC on Fuel TV: Gustafsson vs. Silva,"April 14, 2012",Ericsson Globe Arena,"Stockholm, Sweden","15,428","$2,230,000",
Ultimate Fighting Championship,UFC on FX: Alves vs. Kampmann,"March 3, 2012",Allphones Arena,"Sydney, Australia","14,537","$2,200,000",
Ultimate Fighting Championship,UFC 144,"February 26, 2012",Saitama Super Arena,"Saitama, Japan","21,000 (paid: 18,000)",,"375,000"
Ultimate Fighting Championship,2012 in UFC,"January 28, 2012",United Center,14 (1 cancelled),"16,963[32]","$1,270,960[32]","235,000[76]"
Ultimate Fighting Championship,UFC 143,"February 4, 2012",Mandalay Bay Events Center,"Las Vegas, Nevada","9,015","$2,400,000","400,000"
Ultimate Fighting Championship,2012 in UFC,"January 28, 2012",United Center,14 (1 cancelled),"16,963[32]","$1,270,960[32]","235,000[76]"
Ultimate Fighting Championship,UFC on FX: Guillard vs. Miller,"January 20, 2012",Bridgestone Arena,"Nashville, Tennessee","7,728","$334,860",
Ultimate Fighting Championship,UFC 142,"January 14, 2012",HSBC Arena,"Rio de Janeiro, Brazil","10,605",,"235,000"
Ultimate Fighting Championship,UFC 141,"December 30, 2011",MGM Grand Garden Arena,"Las Vegas, Nevada","13,793","$3,100,000","750,000[3]"
Ultimate Fighting Championship,UFC 140,"December 10, 2011",Air Canada Centre,"Toronto, Ontario, Canada","18,303","$3,900,000","480,000"
Ultimate Fighting Championship,UFC 139,"November 19, 2011",HP Pavilion,"San Jose, California","13,832","$1,268,000","290,000"
Ultimate Fighting Championship,UFC on Fox: Velasquez vs. dos Santos,"November 12, 2011",Honda Center,"Anaheim, California","11,607","$1,072,187",
Ultimate Fighting Championship,UFC 138,"November 5, 2011",LG Arena,"Birmingham, United Kingdom","10,823","$1,500,000",
Ultimate Fighting Championship,UFC 137,"October 29, 2011",Mandalay Bay Events Center,"Las Vegas, Nevada","10,313","$3,900,650","280,000"
Ultimate Fighting Championship,UFC 136,"October 8, 2011",Toyota Center,"Houston, Texas","16,164","$2,230,000","225,000"
Ultimate Fighting Championship,UFC Live: Cruz vs. Johnson,"October 1, 2011",Verizon Center,"Washington, D.C.","9,380","$706,775",
Ultimate Fighting Championship,UFC 135,"September 24, 2011",Pepsi Center,"Denver, Colorado","16,344","$2,089,575","520,000"
Ultimate Fighting Championship,UFC Fight Night: Shields vs. Ellenberger,"September 17, 2011",Morial Convention Center,"New Orleans, Louisiana","7,112","$685,000",
Ultimate Fighting Championship,UFC 134,"August 27, 2011",HSBC Arena,"Rio de Janeiro, Brazil","14,000",,"335,000"
Ultimate Fighting Championship,UFC Live: Hardy vs. Lytle,"August 14, 2011",Bradley Center,"Milwaukee, Wisconsin","6,751","$539,000",
Ultimate Fighting Championship,UFC 133,"August 6, 2011",Wells Fargo Center,"Philadelphia, Pennsylvania","11,583","$1,500,000","310,000"
Ultimate Fighting Championship,UFC 132,"July 2, 2011",MGM Grand Garden Arena,"Las Vegas, Nevada","13,109","$2,304,500","350,000"
Ultimate Fighting Championship,UFC Live: Kongo vs. Barry,"June 26, 2011",Consol Energy Center,"Pittsburgh, Pennsylvania","7,792","$562,000",
Ultimate Fighting Championship,UFC 131,11 June 2011,Rogers Arena,"Vancouver, British Columbia, Canada","14,685 ","$2,800,000","330,000"
Ultimate Fighting Championship,UFC 130,"May 28, 2011",MGM Grand Garden Arena,"Las Vegas, Nevada","12,753","$2,580,000","325,000"
Ultimate Fighting Championship,UFC 129,"April 30, 2011",Rogers Centre,"Toronto, Ontario, Canada","55,724","$12,075,000","800,000"
Ultimate Fighting Championship,UFC Fight Night: Nogueira vs. Davis,"March 26, 2011",KeyArena,"Seattle, Washington","13,741","$1,182,850",
Ultimate Fighting Championship,UFC 128,"March 19, 2011",Prudential Center,"Newark, New Jersey","12,619","$2,140,000","490,000"
Ultimate Fighting Championship,UFC Live: Sanchez vs. Kampmann,"March 3, 2011",KFC Yum! Center,"Louisville, Kentucky","8,319","$471,450",
Ultimate Fighting Championship,UFC 127,27 February 2011,Acer Arena,"Sydney, Australia","18,186","$3,500,000","260,000"
Ultimate Fighting Championship,UFC 126,"February 5, 2011",Mandalay Bay Events Center,"Las Vegas, Nevada","10,893 ","$3,600,000","725,000"
Ultimate Fighting Championship,UFC 125,"January 1, 2011",MGM Grand Garden Arena,"Las Vegas, Nevada","12,874","$2,174,780","270,000"
Ultimate Fighting Championship,UFC 124,"December 11, 2010",Bell Centre,"Montreal, Quebec, Canada","23,152","$4,600,000","800,000"
Ultimate Fighting Championship,UFC 123,"November 20, 2010",The Palace of Auburn Hills,"Auburn Hills, Michigan","16,404","$2,100,000","500,000"
Ultimate Fighting Championship,UFC 122,"November 13, 2010",König Pilsener Arena,"Oberhausen, Germany","8,421","$600,000",
Ultimate Fighting Championship,UFC 121,"October 23, 2010",Honda Center,"Anaheim, California","14,856","$2,237,000","1,050,000"
Ultimate Fighting Championship,UFC 120,"October 16, 2010",O2 Arena,"London, United Kingdom","17,133","$2,560,000",
Ultimate Fighting Championship,UFC 119,"September 25, 2010",Conseco Fieldhouse,"Indianapolis, Indiana","15,811","$1,600,000","295,000[3]"
Ultimate Fighting Championship,UFC Fight Night: Marquardt vs. Palhares,"September 15, 2010",Frank Erwin Center,"Austin, Texas","7,724","$595,900",
Ultimate Fighting Championship,UFC 118,"August 28, 2010",TD Garden,"Boston, Massachusetts","14,168","$2,800,000","570,000"
Ultimate Fighting Championship,UFC 117,"August 7, 2010",Oracle Arena,"Oakland, California","12,971","$1,560,000","600,000"
Ultimate Fighting Championship,UFC Live: Jones vs. Matyushenko,"August 1, 2010",Valley View Casino Center,"San Diego, California","8,132","$489,685",
Ultimate Fighting Championship,UFC 116,"July 3, 2010",MGM Grand Garden Arena,"Las Vegas, Nevada","12,740","$4,053,990","1,160,000"
Ultimate Fighting Championship,UFC 115,"June 12, 2010",General Motors Place,"Vancouver, British Columbia, Canada","17,669","$4,221,787","520,000"
Ultimate Fighting Championship,UFC 114,"May 29, 2010",MGM Grand Garden Arena,"Las Vegas, Nevada","14,996","$3,895,000","1,050,000"
Ultimate Fighting Championship,UFC 113,"May 8, 2010",Bell Centre,"Montreal, Quebec, Canada","17,647","$3,270,000","520,000"
Ultimate Fighting Championship,UFC 112,"April 10, 2010","Concert Arena, Yas Island","Abu Dhabi, United Arab Emirates","11,008","$3,500,000","500,000"
Ultimate Fighting Championship,UFC Fight Night: Florian vs. Gomi,"March 31, 2010",Bojangles' Coliseum,"Charlotte, North Carolina","7,700","$590,685",
Ultimate Fighting Championship,UFC 111,"March 27, 2010",Prudential Center,"Newark, New Jersey","17,000","$4,000,000","770,000"
Ultimate Fighting Championship,UFC Live: Vera vs. Jones,"March 21, 2010",1stBank Center,"Broomfield, Colorado[1]","6,443","$568,125",
Ultimate Fighting Championship,UFC 110,21 February 2010,Acer Arena,"Sydney, Australia","17,431","$2,500,000","240,000"
Ultimate Fighting Championship,UFC 109,"February 6, 2010",Mandalay Bay Events Center,"Las Vegas, Nevada","10,753","$2,273,000","275,000"
Ultimate Fighting Championship,UFC Fight Night: Maynard vs. Diaz,"January 11, 2010",Patriot Center,"Fairfax, Virginia","8,078","$753,962",
Ultimate Fighting Championship,UFC 108,"January 2, 2010",MGM Grand Garden Arena,"Las Vegas, Nevada","13,529","$1,969,670","300,000"
Ultimate Fighting Championship,UFC 107,"December 12, 2009",FedExForum,"Memphis, Tennessee","13,896","$1,500,000","620,000"
Ultimate Fighting Championship,UFC 106,"November 21, 2009",Mandalay Bay Events Center,"Las Vegas, Nevada","10,529","$3,003,250","375,000"
Ultimate Fighting Championship,UFC 105,"November 14, 2009",Evening News Arena,"Manchester, United Kingdom","16,693","$2,000,000",
Ultimate Fighting Championship,UFC 104,"October 24, 2009",Staples Center,"Los Angeles, California","14,892","$1,913,093","500,000"
Ultimate Fighting Championship,UFC 103,"September 19, 2009",American Airlines Center,"Dallas, Texas","17,428","$2,400,000","375,000"
Ultimate Fighting Championship,UFC Fight Night: Diaz vs. Guillard,"September 16, 2009",Cox Convention Center,"Oklahoma City, Oklahoma","9,490","$577,997",
Ultimate Fighting Championship,UFC 102,"August 29, 2009",Rose Garden,"Portland, Oregon","16,088","$1,920,000","435,000"
Ultimate Fighting Championship,UFC 101,"August 8, 2009",Wachovia Center,"Philadelphia, Pennsylvania","17,411","$3,550,000","850,000"
Ultimate Fighting Championship,UFC 100,"July 11, 2009",Mandalay Bay Events Center,"Las Vegas, Nevada","10,871 (9,764 paid)","$5,101,740","1,600,000"
Ultimate Fighting Championship,UFC 99,"June 13, 2009",Lanxess Arena,"Cologne, Germany","12,854","$1,300,000","360,000"
Ultimate Fighting Championship,UFC 98,"May 23, 2009",MGM Grand Garden Arena,"Las Vegas, Nevada","12,606","$3,257,350","635,000"
Ultimate Fighting Championship,UFC 97,"April 18, 2009",Bell Centre,"Montreal, Quebec, Canada","21,451","$4,900,000","650,000"
Ultimate Fighting Championship,UFC Fight Night: Condit vs. Kampmann,"April 1, 2009",Sommet Center,"Nashville, Tennessee","10,267","$626,077",
Ultimate Fighting Championship,UFC 96,"March 7, 2009",Nationwide Arena,"Columbus, Ohio","17,033","$1,800,000","350,000"
Ultimate Fighting Championship,UFC 95,"February 21, 2009",The O2 Arena,"London, United Kingdom","13,268","$1,000,000 (approximate)",
Ultimate Fighting Championship,UFC Fight Night: Lauzon vs. Stephens,"February 7, 2009",USF Sun Dome[1],"Tampa, Florida[1]","7,596","$428,000",
Ultimate Fighting Championship,UFC 94,"January 31, 2009",MGM Grand Garden Arena[1],"Las Vegas, Nevada","14,885","$4,290,020","920,000"
Ultimate Fighting Championship,UFC 93,"January 17, 2009",The O2,"Dublin, Ireland","9,369","$1,300,000","350,000 "
Ultimate Fighting Championship,UFC 92,"December 27, 2008",MGM Grand Garden Arena,"Las Vegas, Nevada","14,103 (9,701 paid)","$3,468,440","1,000,000 "
Ultimate Fighting Championship,UFC 91,"November 15, 2008",MGM Grand Garden Arena,"Las Vegas, Nevada","14,272 (10,845 paid)","$4,815,675","1,010,000[3]"
Ultimate Fighting Championship,UFC 90,"October 25, 2008",Allstate Arena,"Rosemont, Illinois","15,359","$2,850,000","300,000"
Ultimate Fighting Championship,UFC 89,"October 18, 2008",National Indoor Arena,"Birmingham, United Kingdom","9,515",,
Ultimate Fighting Championship,UFC Fight Night: Diaz vs. Neer,"September 17, 2008",Omaha Civic Auditorium,"Omaha, Nebraska","9,103","$700,000",
Ultimate Fighting Championship,UFC 88,"September 6, 2008",Philips Arena,"Atlanta, Georgia","14,736","$2,600,000","480,000 "
Ultimate Fighting Championship,UFC 87,"August 9, 2008",Target Center,"Minneapolis, Minnesota","15,087","$2,252,000","625,000"
Ultimate Fighting Championship,UFC Fight Night: Silva vs. Irvin,"July 19, 2008",Palms Casino Resort,"Las Vegas, Nevada","2,071",,
Ultimate Fighting Championship,UFC 86,"July 5, 2008",Mandalay Bay Events Center,"Las Vegas, Nevada","10,990 (9,630 paid)","$3,350,730","540,000"
Ultimate Fighting Championship,UFC 85,"June 7, 2008",The O2 Arena,"London, United Kingdom","15,327","2,920,000","215,000"
Ultimate Fighting Championship,UFC 84,"May 24, 2008",MGM Grand Garden Arena,"Las Vegas, Nevada","14,773 (13,448 paid)","$3,732,000","475,000"
Ultimate Fighting Championship,UFC 83,"April 19, 2008",Bell Centre,"Montreal, Quebec, Canada","21,390","$5,100,000","530,000"
Ultimate Fighting Championship,UFC Fight Night: Florian vs. Lauzon,"April 2, 2008",Broomfield Event Center,"Broomfield, Colorado","6,742","$753,429",
Ultimate Fighting Championship,UFC 82,"March 1, 2008",Nationwide Arena,"Columbus, Ohio","16,431","$2,200,000","325,000"
Ultimate Fighting Championship,UFC 81,"February 2, 2008",Mandalay Bay Events Center,"Las Vegas, Nevada","10,583 (7,167 paid)","$2,437,890","650,000"
Ultimate Fighting Championship,UFC Fight Night: Swick vs. Burkman,"January 23, 2008",Palms Casino Resort,"Las Vegas, Nevada",,,
Ultimate Fighting Championship,UFC 80,"January 19, 2008",Metro Radio Arena,"Newcastle, United Kingdom","8,412","$1,250,000","225,000"
Ultimate Fighting Championship,UFC 79,"December 29, 2007",Mandalay Bay Events Center,"Las Vegas, Nevada","11,075 (10,968 paid)","$4,994,000","650,000"
Ultimate Fighting Championship,UFC 78,"November 17, 2007",Prudential Center,"Newark, New Jersey","14,071","$2,100,000","400,000"
Ultimate Fighting Championship,UFC 77,"October 20, 2007",U.S. Bank Arena,"Cincinnati, Ohio","16,054","$2,540,000","325,000"
Ultimate Fighting Championship,UFC 76,"September 22, 2007",Honda Center,"Anaheim, California","13,770 (11,817 paid)","$1,985,000","475,000"
Ultimate Fighting Championship,UFC Fight Night: Thomas vs. Florian,"September 19, 2007",Palms Casino Resort,"Las Vegas, Nevada",,"$270,000",
Ultimate Fighting Championship,UFC 75,"September 8, 2007",The O2 Arena,"London, United Kingdom","16,235",$2.7 million,
Ultimate Fighting Championship,UFC 74,"August 25, 2007",Mandalay Bay Events Center,"Las Vegas, Nevada","11,118 (9,622 paid)","$3,307,000","520,000"
Ultimate Fighting Championship,UFC 73,"July 7, 2007",ARCO Arena,"Sacramento, California","13,183","$1,551,920","425,000"
Ultimate Fighting Championship,UFC 72,16 June 2007,The Odyssey,"Belfast, Northern Ireland","8,000","£700,000 (approx. $1.2 million)","200,000"
Ultimate Fighting Championship,UFC Fight Night: Stout vs. Fisher,"June 12, 2007",Seminole Hard Rock Hotel and Casino,"Hollywood, Florida",,,
Ultimate Fighting Championship,UFC 71,"May 26, 2007",MGM Grand Garden Arena,"Las Vegas, Nevada","14,728 (13,224 paid)","$4,304,000","675,000"
Ultimate Fighting Championship,UFC 70,"April 21, 2007",Manchester Evening News Arena,"Manchester, United Kingdom","15,114 (12,708 paid)","$2,628,472 (£1.3 million GBP)",
Ultimate Fighting Championship,UFC 69,"April 7, 2007",Toyota Center,"Houston, Texas","15,269 (12,516 paid)","$2,817,200","400,000[citation needed]"
Ultimate Fighting Championship,2007 in UFC,"April 5, 2007",Palms Casino Resort,13,"1,734",,
Ultimate Fighting Championship,UFC 68,"March 3, 2007",Nationwide Arena,"Columbus, Ohio","19,049 (17,358 paid)","$3,014,000","534,000"
Ultimate Fighting Championship,UFC 67,"February 3, 2007",Mandalay Bay Events Center,"Las Vegas, Nevada","10,227 (8,700 paid)","$2,767,130","350,000[3]"
Ultimate Fighting Championship,UFC Fight Night: Evans vs. Salmon,"January 25, 2007",Seminole Hard Rock Hotel and Casino,"Hollywood, Florida",,,
Ultimate Fighting Championship,UFC 66,"December 30, 2006",MGM Grand Garden Arena,"Las Vegas, Nevada","13,761 (12,191 paid)","$5,397,300","929,000"
Ultimate Fighting Championship,UFC Fight Night: Sanchez vs. Riggs,"December 13, 2006",MCAS Miramar,"San Diego, California",,,
Ultimate Fighting Championship,UFC 65,"November 18, 2006",ARCO Arena,"Sacramento, California","14,666 (12,362 paid)","$2,138,020","500,000[3]"
Ultimate Fighting Championship,UFC 64,"October 14, 2006",Mandalay Bay Events Center,"Las Vegas, Nevada","10,173 (8,913 paid)","$1,790,490","750,000"
Ultimate Fighting Championship,UFC 63,"September 23, 2006",Arrowhead Pond,"Anaheim, California","12,604 (9,343 paid)","$1,582,370","400,000"
Ultimate Fighting Championship,UFC 62,"August 26, 2006",Mandalay Bay Events Center,"Las Vegas, Nevada","11,859 (8,954 paid)","$3,040,880","500,000"
Ultimate Fighting Championship,UFC Fight Night: Sanchez vs. Parisyan,"August 17, 2006",Red Rock Resort Spa and Casino,"Las Vegas, Nevada",,,
Ultimate Fighting Championship,UFC 61,"July 8, 2006",Mandalay Bay Events Center,"Las Vegas, Nevada","11,167 (9,999 paid)","$3,350,775.15","775,000 "
Ultimate Fighting Championship,UFC Ultimate Fight Night 5,"June 28, 2006",Hard Rock Hotel and Casino,"Las Vegas, Nevada",954,"$134,368",
Ultimate Fighting Championship,UFC 60,"May 27, 2006",Staples Center,"Los Angeles, California","14,802 (10,347 paid)","$2,900,090","620,000"
Ultimate Fighting Championship,UFC 59,"April 15, 2006",Arrowhead Pond,"Anaheim, California","13,814 (13,060 paid)","$2,191,450","425,000"
Ultimate Fighting Championship,UFC Ultimate Fight Night 4,"April 6, 2006",Hard Rock Hotel and Casino,"Las Vegas, Nevada",843,"$199,150",
Ultimate Fighting Championship,UFC 58,"March 4, 2006",Mandalay Bay Events Center,"Las Vegas, Nevada","9,569 (8,183 paid)","$1,758,450","300,000"
Ultimate Fighting Championship,UFC 57,"February 4, 2006",Mandalay Bay Events Center,"Las Vegas, Nevada","11,000 (Paid: 10,301)","$3,382,400","400,000"
Ultimate Fighting Championship,UFC Ultimate Fight Night 3,"January 16, 2006",Hard Rock Hotel and Casino,"Las Vegas, Nevada","1,008","$144,600",
Ultimate Fighting Championship,UFC 56,"November 19, 2005",MGM Grand Arena,"Las Vegas, Nevada","12,000 (Paid: 9,995)","$1,986,000","200,000"
Ultimate Fighting Championship,UFC 55,"October 7, 2005",Mohegan Sun Arena,"Uncasville, Connecticut","8,000",,"125,000"
Ultimate Fighting Championship,UFC Ultimate Fight Night 2,"October 3, 2005",Hard Rock Hotel and Casino,"Las Vegas, Nevada",,,
Ultimate Fighting Championship,UFC 54,"August 20, 2005",MGM Grand Arena,"Las Vegas, Nevada","13,520 (Paid: 11,634)","$2,336,000","150,000"
Ultimate Fighting Championship,2005 in UFC,"August 6, 2005",Cox Pavilion,6,,,
Ultimate Fighting Championship,UFC 53,"June 4, 2005",Boardwalk Hall,"Atlantic City, New Jersey","12,000","$1,100,000","90,000"
Ultimate Fighting Championship,UFC 52,"April 16, 2005",MGM Grand Arena,"Las Vegas, Nevada","14,562 (Paid: 12,643)","$2,575,450","280,000"
Ultimate Fighting Championship,UFC 51,"February 5, 2005",Mandalay Bay Events Center,"Las Vegas, Nevada","11,072 (Paid: 9,268)","$1,493,000","105,000"
Ultimate Fighting Championship,UFC 50,"October 22, 2004",Trump Plaza,"Atlantic City, New Jersey","9,000",,"40,000"
Ultimate Fighting Championship,UFC 49,"August 21, 2004",MGM Grand Arena,"Las Vegas, Nevada","12,100 (paid 8,597)","$1,293,035","80,000"
Ultimate Fighting Championship,UFC 48,"June 19, 2004",Mandalay Bay Events Center,"Las Vegas, Nevada","10,000 (Paid: 6,528)","$901,655","110,000"
Ultimate Fighting Championship,UFC 47,"April 2, 2004",Mandalay Bay Events Center,"Las Vegas, Nevada","11,437","$1,444,020","105,000"
Ultimate Fighting Championship,UFC 46,"January 31, 2004",Mandalay Bay Events Center,"Las Vegas, Nevada","10,700","$1,377,000","80,000"
Ultimate Fighting Championship,UFC 45,"November 21, 2003",Mohegan Sun Arena,"Uncasville, Connecticut","9,200",,"40,000"
Ultimate Fighting Championship,UFC 44,"September 26, 2003",Mandalay Bay Events Center,"Las Vegas, Nevada","10,400","$127,985","94,000"
Ultimate Fighting Championship,UFC 43,"June 6, 2003",Thomas and Mack Center,"Las Vegas, Nevada","9,800","$645,140","49,000"
Ultimate Fighting Championship,UFC 42,"April 25, 2003",American Airlines Arena,"Miami, Florida","6,700",,"35,000"
Ultimate Fighting Championship,UFC 41,"February 28, 2003",Boardwalk Hall,"Atlantic City, New Jersey","13,401",,"60,000"
Ultimate Fighting Championship,UFC 40,"November 22, 2002",MGM Grand Arena,"Las Vegas, Nevada","13,265","$1,540,000","100,000"
Ultimate Fighting Championship,UFC 39,"September 27, 2002",Mohegan Sun Arena,"Uncasville, Connecticut","7,800",,"45,000"
Ultimate Fighting Championship,UFC 38,"July 13, 2002",Royal Albert Hall,"London, United Kingdom","3,800",,"45,000"
Ultimate Fighting Championship,UFC 37.5,"June 22, 2002",Bellagio Hotel and Casino,"Las Vegas, Nevada","3,700",,
Ultimate Fighting Championship,UFC 37,"May 10, 2002",CenturyTel Center,"Bossier City, Louisiana","7,200",,"50,000"
Ultimate Fighting Championship,UFC 36,"March 22, 2002",MGM Grand Arena,"Las Vegas, Nevada","10,000","$898,850","55,000"
Ultimate Fighting Championship,UFC 35,"January 11, 2002",Mohegan Sun Arena,"Uncasville, Connecticut","9,600",,"35,000"
Ultimate Fighting Championship,UFC 34,"November 2, 2001",MGM Grand Garden Arena,"Las Vegas, Nevada","9,000","$502,550","65,000"
Ultimate Fighting Championship,UFC 33,"September 28, 2001",Mandalay Bay Events Center,"Las Vegas, Nevada","9,500","$816,660","75,000"
Ultimate Fighting Championship,UFC 32,"June 29, 2001",Continental Airlines Arena,"East Rutherford, New Jersey","12,500",,
Ultimate Fighting Championship,UFC 31,"May 4, 2001",Mark G. Etess Arena at Trump Taj Mahal,"Atlantic City, New Jersey",,,
Ultimate Fighting Championship,UFC 30,"February 23, 2001",Mark G. Etess Arena at Trump Taj Mahal,"Atlantic City, New Jersey",,,
Ultimate Fighting Championship,UFC 29,"December 16, 2000",Differ Ariake Arena,"Tokyo, Japan","1,414",,
Ultimate Fighting Championship,UFC 28,"November 17, 2000",Mark G. Etess Arena at Trump Taj Mahal,"Atlantic City, New Jersey",,,
Ultimate Fighting Championship,UFC 27,"September 22, 2000",Lakefront Arena,"New Orleans, Louisiana",,,
Ultimate Fighting Championship,UFC 26,"June 9, 2000",Five Seasons Events Center,"Cedar Rapids, Iowa",,,
Ultimate Fighting Championship,UFC 25,"April 14, 2000",Yoyogi National Gymnasium,"Tokyo, Japan",,,
Ultimate Fighting Championship,UFC 24,"March 10, 2000",Lake Charles Civic Center,"Lake Charles, Louisiana",,,
Ultimate Fighting Championship,UFC 23,"November 19, 1999",Tokyo Bay NK Hall,"Tokyo, Japan",,,
Ultimate Fighting Championship,UFC 22,"September 24, 1999",Lake Charles Civic Center,"Lake Charles, Louisiana",,,
Ultimate Fighting Championship,UFC 21,"July 16, 1999",Five Seasons Events Center,"Cedar Rapids, Iowa",,,
Ultimate Fighting Championship,UFC 20,"May 7, 1999",Boutwell Auditorium,"Birmingham, Alabama",,,
Ultimate Fighting Championship,UFC 19,"March 5, 1999",Casino Magic Bay St. Louis,"Bay St. Louis, Mississippi",,,
Ultimate Fighting Championship,UFC 18,"January 8, 1999",Pontchartrain Center,"New Orleans, Louisiana",,,
Ultimate Fighting Championship,UFC Brazil,"October 16, 1998",Ginásio da Portuguesa,"Sao Paulo, Brazil",,,
Ultimate Fighting Championship,UFC 17,"May 15, 1998",Mobile Civic Center,"Mobile, Alabama",,,
Ultimate Fighting Championship,UFC 16,"March 13, 1998",Pontchartrain Center,"Kenner, Louisiana","4,600",,
Ultimate Fighting Championship,UFC Japan: Ultimate Japan,"December 21, 1997",Yokohama Arena,"Yokohama, Japan","5,000",,
Ultimate Fighting Championship,UFC 15,"October 17, 1997",Casino Magic Bay St. Louis,"Bay St. Louis, Mississippi",,,
Ultimate Fighting Championship,UFC 14,"July 27, 1997",Boutwell Auditorium,"Birmingham, Alabama","5,000",,
Ultimate Fighting Championship,UFC 13,"May 30, 1997",Augusta Civic Center,"Augusta, Georgia","5,100",,
Ultimate Fighting Championship,UFC 12,"February 7, 1997",Dothan Civic Center,"Dothan, Alabama","3,100",,"122,000"
Ultimate Fighting Championship,UFC 11,"September 20, 1996",Augusta Civic Center,"Augusta, Georgia","4,500",,"92,000"
Ultimate Fighting Championship,UFC 10,"July 12, 1996",Fairgrounds Arena,"Birmingham, Alabama","4,300",,"96,000"
Ultimate Fighting Championship,UFC 9,"May 17, 1996",Cobo Arena,"Detroit, Michigan","10,000",,"141,000"
Ultimate Fighting Championship,UFC 8,"February 16, 1996",Ruben Rodriguez Coliseum,"Bayamón, Puerto Rico","13,000",,"300,000"
Ultimate Fighting Championship,UFC 7,"September 8, 1995",Memorial Auditorium,"Buffalo, New York","9,000",,"190,000"
Ultimate Fighting Championship,UFC 6,"July 14, 1995",Casper Events Center,"Casper, Wyoming","2,700",,"240,000"
Ultimate Fighting Championship,UFC 5,"April 7, 1995",Independence Arena,"Charlotte, North Carolina","6,000",,"260,000"
Ultimate Fighting Championship,UFC 4,"December 16, 1994",Expo Square Pavilion,"Tulsa, Oklahoma","5,857",,"120,000"
Ultimate Fighting Championship,UFC 3,"September 9, 1994[1]",Grady Cole Center,"Charlotte, North Carolina","3,000",,"90,000"
Ultimate Fighting Championship,UFC 2,"March 11, 1994",Mammoth Gardens,"Denver, Colorado","2,000",,
Ultimate Fighting Championship,UFC 1,"November 12, 1993",McNichols Sports Arena,"Denver, Colorado, US","7,800",,"86,000"
