fighter_name,Affiliation,Born,Fighting out of,Reach,Date of Birth
Papy Abedi,Hilti NHB,"Kinshasa, Democratic Republic of Congo","Stockholm, Sweden","74.0"" (188cm)",1900-20-30
Ricardo Abreu,Wand Fight Team,"Ribeirao Preto, Sao Paulo, Brazil","Huntington Beach, California","73.0"" (185cm)",1900-20-30
Razak Al-Hassan,Fortis MMA,"Minneapolis, Minnesota","Arlington, Texas","72.0"" (183cm)",1900-20-30
Ericka Almeida,Chute Boxe Monstro,Brazil,"Sorocaba, Sao Paulo, Brazil","69.0"" (175cm)",1900-20-30
Amilcar Alves,Nova União,Brazil,"Rio de Janeiro, Brazil",N/A,1900-20-30
Reese Andy,N/A,United States,"Seattle, Washington, USA",N/A,1900-20-30
Azunna Anyanwu,Balance Studios,United States,"Philadelphia, Pennsylvania","71.0"" (180cm)",1900-20-30
Cesar Arzamendia,Paraguay Combat Team,"Luque, Paraguay","Asuncion, Paraguay","70.5"" (179cm)",1900-20-30
Pat Audinwood,Team Bombsquad,"Corning, New York, United States","Elmira, New York","74.0"" (188cm)",1900-20-30
Chris Avila,Cesar Gracie Jiu Jitsu,United States,"Stockton, California","72.5"" (184cm)",1900-20-30
Niklas Backstrom,Allstars Training Center,Sweden,Sweden,"73.0"" (185cm)",1900-20-30
Izabela Badurek,GKS Górnik Łęczna MMA,"Lublin, Poland","Warsaw, Poland","65.0"" (165cm)",1900-20-30
Mehdi Baghdad,Team Quest,France,California,"75.0"" (191cm)",1900-20-30
Marcin Bandel,Zenith Vera Fight Club,"Pabianice, Poland","Łódź, Poland","70.0"" (178cm)",1900-20-30
David Baron,Haute Tension,France,"Bois-Colombes, Hauts-de-Seine, France",N/A,1900-20-30
Dan Barrera,N/A,United States,"Radcliff, Kentucky",N/A,1900-20-30
Alexandre Barros,Baixinho Team,Brazil,"Rio de Janeiro, Rio de Janeiro, Brazil",N/A,1900-20-30
Stephen Bass,Mad House Gym,"Shreveport, Louisiana, United States","Savannah, Georgia","73.0"" (185cm)",1900-20-30
Shayna Baszler,UWF USA,United States,"Sioux Falls, South Dakota","67.5"" (171cm)",1900-20-30
Michel Batista,N/A,"Camagüey, Cuba",Florida,"80.5"" (204cm)",1900-20-30
Keith Berish,Black & Blue MMA,United States,"Kingston, New York","73.5"" (187cm)",1900-20-30
Allen Berube,American Top Team,"Augusta, Georgia, United States","Coconut Creek, Florida","76.0"" (193cm)",1900-20-30
Jason Black,Miletich Fighting Systems,United States,"Davenport, Illinois",N/A,1900-20-30
Tom Blackledge,Wolfslair MMA Academy,United Kingdom,"Liverpool, England","77.0"" (196cm)",1900-20-30
Byron Bloodworth,Iron Clutch Fitness,"Lynchburg, Virginia, United States","Atlanta, Georgia","72.0"" (183cm)",1900-20-30
Jesse Bongfeldt,United Fighter MMA,"Kenora, Ontario, Canada","Kenora, Ontario","72.0"" (183cm)",1900-20-30
Paul Bradley,Alliance MMA,"Tama, Iowa, United States","San Diego, California","72.0"" (183cm)",1900-20-30
Joe Brammer,Throwdown Elite Training Center,United States,"Des Moines, Iowa, United States",N/A,1900-20-30
Todd Brown,Bulldog Fight Team,"Mishawaka, Indiana, United States","Osceola, Indiana","74.0"" (188cm)",1900-20-30
Humberto Brown Morrison,Alleycat Panama,"Panama City, Panama","Panama City, Panama","71.0"" (180cm)",1900-20-30
Junie Browning,Legends MMA,"Lexington, Kentucky, United States","Los Angeles, California","72.0"" (183cm)",1900-20-30
Jules Bruchez,N/A,United States,"Lafayette, Louisiana",N/A,1900-20-30
Steve Bruno,American Top Team,United States,"Coral Springs, Florida",N/A,1900-20-30
Fernando Bruno,Nova União,Brazil,"Rio de Janeiro, Rio de Janeiro, Brazil","71.0"" (180cm)",1900-20-30
Josh Bryant,Absolute Combat Alliance,"Broken Arrow, California, United States","Tulsa, Oklahoma",N/A,1900-20-30
Nah-Shon Burrell,N/A,United States,"Philadelphia, Pennsylvania","71.0"" (180cm)",1900-20-30
Bubba Bush,Brazos Valley MMA,"Mississippi, United States","College Station, Texas","74.0"" (188cm)",1900-20-30
Wagner Campos,Gile Ribeiro Team,"Curitiba, Brazil","Curitiba, Brazil","66.0"" (168cm)",1900-20-30
Cain Carrizosa,Classic Fight Team,United States,"Woodlake, California","74.0"" (188cm)",1900-20-30
Luke Caudillo,Team Wiseman,"North Platte, Nebraska","Denver, Colorado",N/A,1900-20-30
Adam Cella,Finney's HIT Squad,United States,"Fenton, Missouri","73.5"" (187cm)",1900-20-30
Albert Cheng,Evolução Thai MMA,"Toronto, Ontario, Canada","Mississauga, Ontario","70.5"" (179cm)",1900-20-30
Sako Chivitchian,Hayastan MMA,Armenian SSR,"Glendale, California",N/A,1900-20-30
Will Chope,N/A,"Martinez, California, United States","Maha Sarakham, Thailand","76.0"" (193cm)",1900-20-30
Anthony Christodoulou,Renzo Gracie Brooklyn,"Glyfáda, Greece","New York, New York","72.0"" (183cm)",1900-20-30
Mike Ciesnolevicz,Miletich Fighting Systems,"Harrisburg, Pennsylvania, United States","Bettendorf, Iowa","74.0"" (188cm)",1900-20-30
Josh Clopton,El Niño Training Center,"Columbus, Mississippi, United States","Pacifica, California","68.0"" (173cm)",1900-20-30
Brian Cobb,Eric Nolan's Xtreme Training Center,"San Jose, California, United States","Bakersfield, California","72.0"" (183cm)",1900-20-30
John Cofer,Team Alpha Male,"Savannah, Georgia, United States","Athens, Georgia","73.0"" (185cm)",1900-20-30
Christian Colombo,CSA.dk,Denmark,"Copenhagen, Denmark","80.5"" (204cm)",1900-20-30
Josh Copeland,Elevation Fight Team,United States,"Denver, Colorado","75.0"" (191cm)",1900-20-30
JC Cottrell,N/A,"Oklahoma City, Oklahoma","Oklahoma City, Oklahoma","71.0"" (180cm)",1900-20-30
Jeff Cox,Strong Style Fight Team,United States,"Cleveland, Ohio, USA",N/A,1900-20-30
Dan Cramer,American Top Team,"Bethel, Connecticut, United States","Coconut Creek, Florida","75.0"" (191cm)",1900-20-30
Alberto Crane,N/A,United States,"Santa Fe, New Mexico, USA",N/A,1900-20-30
Marcio Cruz,Kings MMA,"Rio de Janeiro, Brazil","Tampa, Florida","82.0"" (208cm)",1900-20-30
Jay Cucciniello,Team Barnatt gym,England,"Malaga, Spain","68.0"" (173cm)",1900-20-30
Cindy Dandois,Lynx MMA,"Borgerhout, Belgium","Deurne, Belgium","70.0"" (178cm)",1900-20-30
Rodrigo de Lima,,,,,
Edilberto de Oliveira,Champion Team,Brazil,"Campo Formoso, Bahia, Brazil",N/A,1900-20-30
Jorge de Oliveira,Renovação Fight Team,Brazil,"Rio de Janeiro, Brazil","71.0"" (180cm)",1900-20-30
Tom DeBlass,Ricardo Almeida Jiu Jitsu,"New Brunswick, New Jersey, United States","Forked River, New Jersey","74.0"" (188cm)",1900-20-30
Shane del Rosario,,,,,
Nick Denis,Ronin MMA,"Ottawa, Ontario, Canada","Montreal, Quebec","70.0"" (178cm)",1900-20-30
Cameron Dollar,Pariah MMA & Fitness,"Prescott Valley, Arizona, United States","Colorado Springs, Colorado","71.5"" (182cm)",1900-20-30
Antonio Dos Santos,N/A,Brazil,"Quilmes, Buenos Aires, Argentina",N/A,1900-20-30
Derek Downey,Jeremy Horn's Elite Performance,United States,"Orem, Utah, United States",N/A,1900-20-30
Robert Drysdale,Drysdale Jiu Jitsu,"Provo, Utah, United States","Las Vegas, Nevada","78.5"" (199cm)",1900-20-30
Milana Dudieva,Peresvet FT,"Vladikavkaz, North Ossetia, Russia","Vladikavkaz, North Ossetia, Russia","61.5"" (156cm)",1900-20-30
Alexis Dufresne,Top Rank Fitness,"Temecula, California, United States","Temecula, California","68.5"" (174cm)",1900-20-30
Luiz Dutra,Renovação Fight Team,"Rio de Janeiro, Rio de Janeiro, Brazil","Rio de Janeiro, Rio de Janeiro, Brazil","71.5"" (182cm)",1900-20-30
Cody East,N/A,United States,"Los Lunas, New Mexico","77.0"" (196cm)",1900-20-30
Abdul-Kerim Edilov,Akhmat Fight Club,"Grozny, Russia","Moscow, Russia","78.0"" (198cm)",1900-20-30
Tom Egan,Straight Blast Gym Ireland,Ireland,England,N/A,1900-20-30
Jon Olav Einemo,Golden Glory ,"Oslo, Norway","Oslo, Norway","81.0"" (206cm)",1900-20-30
Per Eklund,Hilti NHB,Sweden,"Stockholm, Sweden",N/A,1900-20-30
Lisa Ellis,United Training Center,"Woodinville, Washington","Lacey, Washington","62.0"" (157cm)",1900-20-30
Anna Elmose,Rumble Sports,Denmark,"Copenhagen, Denmark","65.0"" (165cm)",1900-20-30
Ian Entwistle,Bulgarian Top Team,England,England,"64.0"" (163cm)",1900-20-30
Konstantin Erokhin,Krepost Fight Club,Russia,"Moscow, Russia","73.0"" (185cm)",1900-20-30
Doug Evans,N/A,"Redwood City, California","Redwood City, California",N/A,1900-20-30
Dan Evensen,N/A,Norway,Norway,N/A,1900-20-30
Maiquel Falcao,N/A,"Rio Grande Du Sol, Brazil","Pararai, Brazil","69.0"" (175cm)",1900-20-30
Brodie Farber,N/A,United States,"Grass Valley, California",N/A,1900-20-30
Kalindra Faria,Vale Top Team,"Taubate, Sao Paulo, Brazil","Taubate, Sao Paulo, Brazil","62.0"" (157cm)",1900-20-30
Kelly Faszholz,Nor-Cal Fighting Alliance,"Dallas, Texas","Santa Rosa, California","67.0"" (170cm)",1900-20-30
Josh Ferguson,All American MMA,"Louisville, Kentucky, United States","Taylorsville , Kentucky","66.0"" (168cm)",1900-20-30
Alexandre Ferreira,Chute Boxe Academy,Brazil,"Rio de Janiero, Brazil",N/A,1900-20-30
Colin Fletcher,Sunderland Fight Pit,"Sunderland, England","Sunderland, Tyne and Wear","78.0"" (198cm)",1900-20-30
Xavier Foupa-Pokam,Snake Team,France,"Paris, France",N/A,1900-20-30
Willamy Freire,Nova União,"Fortaleza, Ceara, Brazil","Fortaleza, Ceara, Brazil","70.0"" (178cm)",1900-20-30
Sheila Gaff,Energy Gym,Germany,"Eschwege, Germany","64.0"" (163cm)",1900-20-30
Dave Galera,Lakay Central Gym,"Santa Clara, California","Baguio, Philippines","72.0"" (183cm)",1900-20-30
Tom Gallicchio,Team Quest,United States,"Howell, New Jersey","75.0"" (191cm)",1900-20-30
Joey Gambino,LionSport MMA,"Port Charlotte, Florida, United States","Saugerties, New York","70.0"" (178cm)",1900-20-30
Azamat Gashimov,Jackson Wink MMA,"Dagestan, Russia","Albuquerque, New Mexico","67.0"" (170cm)",1900-20-30
Paul Georgieff,N/A,United States,"St. Paul, Minnesota, USA",N/A,1900-20-30
Brian Geraghty,Dave Strasser's Freestyle Academy of MMA,United States,"Kenosha, Wisconsin",N/A,1900-20-30
James Giboo,N/A,N/A,GB,N/A,1900-20-30
Joseph Gigliotti,N/A,"Cleveland, Ohio","Gilbert, Arizona","69.0"" (175cm)",1900-20-30
Jason Gilliam,Team Wolfpack,United States,"Muncie, Indiana",N/A,1900-20-30
Ulysses Gomez,Cobra Kai Jiu Jitsu,"Los Angeles, California, United States","Las Vegas, Nevada","68.0"" (173cm)",1900-20-30
Lewis Gonzalez,MMA Gold Fight Team,United States,"Turlock, California","67.0"" (170cm)",1900-20-30
Pearl Gonzalez,10th Planet Jiu Jitsu San Diego,"Chicago, Illinois, United States","San Diego, California","68.0"" (173cm)",1900-20-30
Tim Gorman,Des Moines MMA Academy,"Winterset, Iowa","Des Moines, Iowa","68.5"" (174cm)",1900-20-30
Chase Gormley,Reign MMA,United States,"Los Angeles, California","77.0"" (196cm)",1900-20-30
Renzo Gracie,Renzo Gracie Academy,"Rio de Janeiro, Brazil","New York City, New York",N/A,1900-20-30
Rolles Gracie,Renzo Gracie Academy,Brazil,"New York City, New York",N/A,1900-20-30
Neil Grove,N/A,"Klerksdorp, South Africa","London, England","78.0"" (198cm)",1900-20-30
Nandor Guelmino,Gym 23,Austria,"Vienna, Austria","76.5"" (194cm)",1900-20-30
Leonardo Guimaraes,Gracie Barra Bahia,Brazil,"Salvador, Bahia, Brazil","73.0"" (185cm)",1900-20-30
Andre Gusmao,Renzo Gracie Academy,"Goiânia, Brazil","New York, New York",N/A,1900-20-30
Horacio Gutierrez,Chicago Fight Team,"Guadalajara, Jalisco, Mexico","Chicago, Illinois","69.0"" (175cm)",1900-20-30
John Halverson,N/A,United States,"Waukee, Iowa",N/A,1900-20-30
James Hammortree,USA Martial Arts,"Chicago, Illinois","Ocala, Florida",N/A,1900-20-30
Collin Hart,Nor-Cal Fighting Alliance,United States,"Santa Rosa, California","76.0"" (193cm)",1900-20-30
Hayder Hassan,American Top Team,"Coconut Creek, Florida","Coconut Creek, Florida","71.5"" (182cm)",1900-20-30
Tommy Hayden,Bangkok Fight Lab,"Cincinnati, Ohio, United States","Cincinnati, Ohio","72.0"" (183cm)",1900-20-30
Josh Haynes,Team Quest Portland,United States,"Medford, Oregon",N/A,1900-20-30
Chris Heatherly,Fit or Fight Gym,"Cahokia, Illinois","Cahokia, Illinois","68.5"" (174cm)",1900-20-30
Delson Heleno,Pitbull,"Rio de Janeiro, Rio de Janeiro, Brazil","Teresopolis, Rio de Janeiro, Brazil","72.0"" (183cm)",1900-20-30
Josh Hendricks,N/A,"Mansfield, Ohio","Mansfield, Ohio",N/A,1900-20-30
Cory Hendricks,Syndicate MMA,United States,Washington State,"77.0"" (196cm)",1900-20-30
Ramiro Hernandez,Miletich Fighting Systems,"Muscatine, Iowa","Bettendorf, Iowa","69.5"" (177cm)",1900-20-30
Richie Hightower,N/A,United States,"Phoenix, Arizona, USA",N/A,1900-20-30
Kwan Ho Kwak,Korean Top Team,"Namyangju, Gyeonggi, South Korea","Seoul, South Korea","70.0"" (178cm)",1900-20-30
Sam Hoger,Hoger MMA,United States,"Eagle River, Alaska",N/A,1900-20-30
Chris Holdsworth,Team Alpha Male,United States,"Las Vegas, Nevada","71.0"" (180cm)",1900-20-30
Roger Hollett,Jackson Wink MMA,"Halifax, Nova Scotia, Canada","Albuquerque, New Mexico","73.0"" (185cm)",1900-20-30
Rex Holman,N/A,United States,"Columbus, Ohio",N/A,1900-20-30
Mark Holst,Ottawa Academy of Martial Arts,"Ottawa, Ontario, Canada","Ottawa, Ontario",N/A,1900-20-30
Matt Horwich,10th Planet Jiu Jitsu,"Pasadena, California, United States","Hollywood, California","71.0"" (180cm)",1900-20-30
Brian Houston,Disorderly Conduct,"Riverdale, Georgia","Omaha, Nebraska","78.0"" (198cm)",1900-20-30
Shane Howell,The Forge MMA,United States,"Oklahoma City, Oklahoma","69.5"" (177cm)",1900-20-30
Brad Imes,N/A,United States,"Sacramento, California",N/A,1900-20-30
Chris Indich,Beston Gracie,Australia,"Perth, Western Australia","73.0"" (185cm)",1900-20-30
Guto Inocente,Blackzilians,"Brasilia, Federal District, Brazil","Delray Beach, Florida","78.0"" (198cm)",1900-20-30
Yoislandy Izquierdo,Gym-O,"Havana, Cuba","Charlotte, North Carolina","72.5"" (184cm)",1900-20-30
Mike Jackson,4oz. Fight Club,United States,"Houston, Texas","74.0"" (188cm)",1900-20-30
Brock Jardine,The Pit Elevated Fight Team,"Ontario, Canada","Orem, Utah","73.0"" (185cm)",1900-20-30
Chan-Mi Jeon,Kukje Gym/Ryeong Promotions,"Seoul, South Korea","Seoul, South Korea","67.0"" (170cm)",1900-20-30
Maciej Jewtuszko,Berserker's Team,Poland,"Szczecin, Poland",N/A,1900-20-30
Dashon Johnson,Team Xplode MMA,United States,"Escondido, California","70.5"" (179cm)",1900-20-30
Marcus Jones,N/A,United States,"Tampa, Florida",N/A,1900-20-30
Justin Jones,Victory MMA,United States,"San Diego, California","78.5"" (199cm)",1900-20-30
Scott Junk,MMA Development,United States,"Kailua, Hawaii",N/A,1900-20-30
Emily Kagan,N/A,"Bangor, Maine","Albuquerque, New Mexico","65.5"" (166cm)",1900-20-30
Sirwan Kakai,American Top Team,Sweden,"Gothenburg, Sweden","67.5"" (171cm)",1900-20-30
David Kaplan,N/A,United States,"Las Vegas, Nevada",N/A,1900-20-30
Yusuke Kasuya,Akimoto Dojo jungle junction,Japan,"Sagamihara, Kanagawa, Japan","67.0"" (170cm)",1900-20-30
Julie Kedzie,Jackson Wink MMA,"Bloomington, Indiana, United States","Albuquerque, New Mexico","64.5"" (164cm)",1900-20-30
CJ Keith,Pro Buhawe,United States,"Porterville, California","73.0"" (185cm)",1900-20-30
Steve Kennedy,Fitness N Fight Centre,Australia,"Northbridge, Western Australia","71.0"" (180cm)",1900-20-30
Mike King,Pitch Black MMA,"Dresden, Ohio","Naples, Florida","75.0"" (191cm)",1900-20-30
John Kolosci,Gilbert Grappling,United States,"Portage, Indiana","72.0"" (183cm)",1900-20-30
Pascal Krauss,Roufusport MMA Academy,"Breisach, Germany","Milwaukee, Wisconsin","72.0"" (183cm)",1900-20-30
Leo Kuntz,American Top Team,"Linton, North Dakota, United States","Coconut Creek, Florida","74.0"" (188cm)",1900-20-30
Tina Lahdemaki,Grappling Team Pori,Finland,"Pori, Finland","62.0"" (157cm)",1900-20-30
Anthony Lapsley,Team Deadly Jiu-Jitsu,United States,"Fort Wayne, Indiana","72.5"" (184cm)",1900-20-30
Dan Lauzon,Lauzon Mixed Martial Arts,"Brockton, Massachusetts, United States","Bridgewater, Massachusetts","72.0"" (183cm)",1900-20-30
James Lee,Mash Fight Team,United States,"Sylvin Lake, Michigan, USA",N/A,1900-20-30
David Lee,Team Crossface,"London, England","London, England",N/A,1900-20-30
Rocky Lee,Taiwan BJJ Academy,Taiwan,"Taipei, Taiwan","68.0"" (173cm)",1900-20-30
Frank Lester,Team Quest,Germany,"Temecula, California",N/A,1900-20-30
Jess Liaudin,Pancrase London,France,France,N/A,1900-20-30
Jake Lindsey,Combative Sports Center,"Manhattan, Kansas","Manhattan, Kansas","72.5"" (184cm)",1900-20-30
Lucio Linhares,Alliance Jiu-Jitsu,Brazil,"Ipatinga, Minas Gerais, Brazil",N/A,1900-20-30
Abner Lloveras,HM Fitness Centre,"Barcelona, Spain","Dubai, Arab Emirates","72.0"" (183cm)",1900-20-30
Dileno Lopes,Nova União Manaus,Brazil,"Manaus, Amazonas, Brazil","65.5"" (166cm)",1900-20-30
Steve Lopez,Xtreme Couture,"South Bend, Indiana, United States","Las Vegas, Nevada",N/A,1900-20-30
Jorge Lopez,Wand Fight Team,"San Diego, California, United States","Las Vegas, Nevada","72.0"" (183cm)",1900-20-30
Nate Loughran,Nor-Cal Fighting Alliance,"Rohnert Park, California, United States","Santa Rosa, California",N/A,1900-20-30
Ian Loveland,Team Quest Portland,"Gresham, Oregon, United States","Portland, Oregon",N/A,1900-20-30
Waylon Lowe,Joe Hand's Boxing,"Jefferson City, Tennessee, United States","Philadelphia, Pennsylvania","65.0"" (165cm)",1900-20-30
Matt Lucas,Arizona Combat Sports,"Indianapolis, Indiana, United States","Mesa, Arizona","73.0"" (185cm)",1900-20-30
Mike Lullo,Midwest Training Center,"Elmhurst, Illinois, United States","Schaumburg, Illinois","70.0"" (178cm)",1900-20-30
Stevie Lynch,N/A,United Kingdom,"Antrim, Northern Ireland",N/A,1900-20-30
War Machine,N/A,United States,"Las Vegas, Nevada","70.0"" (178cm)",1900-20-30
Ryan Madigan,N/A,United States,"Cuyahoga Falls, Ohio",N/A,1900-20-30
Bernardo Magalhaes,TP Fight Team,"Rio de Janeiro, Brazil","Sydney, Australia","68.0"" (173cm)",1900-20-30
Nazareno Malegarie,Ataque Duplo / Team Tavares,"Buenos Aires, Argentina","Florianopolis, Santa Catarina, Brazil","70.0"" (178cm)",1900-20-30
Troy Mandaloniz,Penn Fitness & Training Center,United States,"Hilo, Hawaii",N/A,1900-20-30
Jon Manley,Jon Manley MMA,"Adams, Massachusetts, United States","Ludlow, Massachusetts","74.0"" (188cm)",1900-20-30
Jose Maria,Team Nogueira,"Alto Santo, Ceara, Brazil","Limoeiro do Norte, Ceara, Brazil","65.0"" (165cm)",1900-20-30
Enrique Marin,Sutemi Academy,"Seville, Andalusia, Spain","Seville, Andalusia, Spain","75.0"" (191cm)",1900-20-30
Tateki Matsuda,Sityodtong Boston,"Tokyo, Japan","Boston, Massachusetts","65.5"" (166cm)",1900-20-30
Jack May,N/A,United States,"Whittier, California","78.0"" (198cm)",1900-20-30
Michael McBride,Des Moines Jiu Jitsu Academy,United States,"Webster City, Iowa","75.0"" (191cm)",1900-20-30
Ryan McGillivray,Legends Training Centre,"Edmonton, Alberta, Canada","Edmonton, Alberta","73.0"" (185cm)",1900-20-30
Antonio McKee,Team Bodyshop MMA,"Las Vegas, Nevada, United States","Long Beach, California","72.0"" (183cm)",1900-20-30
Anistavio Medeiros,N/A,Brazil,"Natal, Brazil","70.0"" (178cm)",1900-20-30
Brian Melancon,Paradigm Training Center,United States,"Houston, Texas","70.0"" (178cm)",1900-20-30
Brandon Melendez,Jeremy Horn's Elite Performance,United States,"Bountiful, Utah",N/A,1900-20-30
Eddie Mendez,N/A,"Sun Valley, California","Sun Valley, California","77.0"" (196cm)",1900-20-30
Joe Merritt,Millennia MMA,United States,California,"73.0"" (185cm)",1900-20-30
Jonathan Meunier,Tristar Quebec,"Quebec City, Quebec, Canada","Quebec City, Quebec","75.0"" (191cm)",1900-20-30
David Michaud,Next Edge Academy of Martial Arts,"Pine Ridge, South Dakota, United States","Sioux Falls, South Dakota","71.5"" (182cm)",1900-20-30
Billy Miles,Capital City Fighting Alliance,United States,"Lincoln, California, USA",N/A,1900-20-30
Jason Miller,Reign MMA,"Atlanta, Georgia, United States","Orange County, California","72.0"" (183cm)",1900-20-30
Dokonjonosuke Mishima,Cobra Kai MMA Dojo,"Amagasaki, Japan","Osaka, Japan",N/A,1900-20-30
Danny Mitchell,Asylum Vale Tudo,England,"Doncaster, Yorkshire, England","74.5"" (189cm)",1900-20-30
Roman Mitichyan,N/A,Armenia,Armenia,N/A,1900-20-30
Eiji Mitsuoka,Freelance,Japan,"Tokyo, Japan","68.0"" (173cm)",1900-20-30
Steve Montgomery,American Top Team,"Florence, South Carolina, United States","Boca Raton, Florida","76.0"" (193cm)",1900-20-30
Leonardo Morales,Xtreme Kombat Academy,"Managua, Nicaragua","Managua, Nicaragua","68.0"" (173cm)",1900-20-30
Richardson Moreira,Team Nogueira,Brazil,"Campinas, Sao Paulo, Brazil","72.0"" (183cm)",1900-20-30
Peggy Morgan,Triumph Brazilian Jiu Jitsu,United States,"Manchester, New Hampshire","71.0"" (180cm)",1900-20-30
Brad Morris,N/A,Australia,"Sydney, Australia","74.0"" (188cm)",1900-20-30
Quinn Mulhern,Santa Fe Brazilian Jiu-Jitsu,"Santa Cruz, California, United States","Santa Fe, New Mexico","76.0"" (193cm)",1900-20-30
Rin Nakai,Pancrase Venus,"Ehime, Japan",Japan,"60.5"" (154cm)",1900-20-30
Yui Chul Nam,Freelance,South Korea,South Korea,"69.5"" (177cm)",1900-20-30
Roger Narvaez,Full Contact Fight Academy,United States,"Corpus Christi, Texas","79.5"" (202cm)",1900-20-30
Dustin Neace,Team Alpha Male,"Franklin, Indiana, United States","Sacramento, California","69.0"" (175cm)",1900-20-30
Mike Nickels,Colorado BJJ,United States,"Denver, Colorado",N/A,1900-20-30
Mats Nilsson,Kaisho Martial Arts,"Helsingborg, Sweden","Copenhagen, Denmark","74.5"" (189cm)",1900-20-30
Pedro Nobre,Brazilian Top Team,"Rio de Janeiro, Rio de Janeiro, Brazil","Rio de Janeiro, Rio de Janeiro, Brazil","66.5"" (169cm)",1900-20-30
Jason Novelli,Rose City FC,"Anchorage, Alaska","Vancouver, Washington","75.5"" (192cm)",1900-20-30
TJ O'Brien,Roundkick Gym,"Sacramento, California, United States","Des Moines, Iowa","77.0"" (196cm)",1900-20-30
Chuck O'Neil,Mass BJJ Acton,"Falmouth, Massachusetts, United States","East Bridgewater, Massachusetts","76.0"" (193cm)",1900-20-30
Ednaldo Oliveira,Academia Champion,"Bahia, Brazil","Salvador, Bahia, Brazil","81.5"" (207cm)",1900-20-30
Wendell Oliveira Marques,War Machine CT,Brazil,"Rio de Janeiro, Rio de Janeiro, Brazil","72.0"" (183cm)",1900-20-30
Felipe Olivieri,Nova União,Brazil,"Rio de Janeiro, Rio de Janeiro, Brazil","72.0"" (183cm)",1900-20-30
Alan Omer,Stallion Cage,"Arbil, Iraq","Stuttgart, Germany","71.0"" (180cm)",1900-20-30
Nissen Osterneck,N/A,United States,United States,N/A,1900-20-30
Larissa Pacheco,Bulldog / Formiga Team,Brazil,"Belem, Para, Brazil","69.0"" (175cm)",1900-20-30
Michael Patt,Meat Truck Inc.,United States,"Dayton, Ohio",N/A,1900-20-30
Julio Paulino,N/A,"Jersey City, New Jersey, United States","Jersey City, New Jersey",N/A,1900-20-30
Estevan Payan,Arizona Combat Sports,United States,"Glendale, Arizona","72.0"" (183cm)",1900-20-30
Filip Pejic,American Top Team Zagreb,Croatia,"Zagreb, Croatia","70.0"" (178cm)",1900-20-30
Nick Penner,Team Threat,"Blumenort, Manitoba, Canada","Blumenort, Manitoba","77.0"" (196cm)",1900-20-30
Thiago Perpetuo,Furacão Fight Team,"Santo Andre, Sao Paulo, Brazil","Santo Andre, Sao Paulo, Brazil","73.0"" (185cm)",1900-20-30
Hernani Perpetuo,Nova União,"Rio de Janeiro, Rio de Janeiro, Brazil","Rio de Janeiro, Rio de Janeiro, Brazil","74.0"" (188cm)",1900-20-30
Jesus Pinedo,Pitbull Martial Arts Center,Peru,"Lima, Peru","74.0"" (188cm)",1900-20-30
Ross Pointon,N/A,United Kingdom,England,N/A,1900-20-30
John Polakowski,The Pit,United States,"San Luis Obsipo, California, USA",N/A,1900-20-30
Dorian Price,JG MMA Academy,United States,"Columbus, Ohio, USA",N/A,1900-20-30
Chris Price,Manchester Predators,England,"Blackburn with Darwen, England",N/A,1900-20-30
Shane Primm,N/A,Germany,"Tampa, Florida",N/A,1900-20-30
Juan Manuel Puig,Bonebreakers MMA,"Mexico City, Mexico","Mexico City, Mexico","72.0"" (183cm)",1900-20-30
Vinicius Queiroz,Team Nogueira,"Curitiba, Parana, Brazil","Rio de Janeiro, Rio de Janeiro, Brazil","79.5"" (202cm)",1900-20-30
Jimmy Quinlan,Mass BJJ Acton,United States,"Methuen, Massachusetts","72.0"" (183cm)",1900-20-30
Jordan Radev,Sportcentrum KOPS,"Pomorie, Bulgaria","New York City, New York",N/A,1900-20-30
Jessica Rakoczy,N/A,"Hamilton, Ontario, Canada","Hamilton, Ontario","68.0"" (173cm)",1900-20-30
Hector Ramirez,N/A,United States,"Norwalk, California","73.0"" (185cm)",1900-20-30
Luis Ramos,Gladiator BJJ,United States,"Springfield, Massachusetts",N/A,1900-20-30
Vernon Ramos Ho,Kame House,Panama,Panama,"66.9"" (170cm)",1900-20-30
Paul Redmond,Team Ryano MMA,"Dublin, Ireland","Dublin, Leinster, Ireland","70.5"" (179cm)",1900-20-30
Johnny Rees,N/A,United States,"Indianapolis, Indiana","74.0"" (188cm)",1900-20-30
Chad Reiner,Fightlab,United States,"Omaha, Nebraska",N/A,1900-20-30
Jason Reinhardt,Wand Fight Team,"Decatur, Illinois, United States","Las Vegas, Nevada","64.0"" (163cm)",1900-20-30
Alex Ricci,M1 Thai Boxing,"Toronto, Ontario, Canada","Woodbridge, Ontario","69.0"" (175cm)",1900-20-30
Dante Rivera,Renzo Gracie Denville,United States,"Hamilton, New Jersey","68.0"" (173cm)",1900-20-30
Ryan Roberts,Disorderly Conduct,United States,"Omaha, Nebraska","65.0"" (165cm)",1900-20-30
Buddy Roberts,Jackson Wink MMA,"Fort Worth, Texas, United States","Albuquerque, New Mexico","76.0"" (193cm)",1900-20-30
Colin Robinson,Next Generation I.M.M.A,United Kingdom,"Ballymena, Northern Ireland",N/A,1900-20-30
Bruno Rodrigues,WGT / Boxe Thai / Gracie Barra,"Sobral, Ceara, Brazil","Campo Grande, Mato Grosso do Sul, Brazil",N/A,1900-20-30
Manuel Rodriguez,TP Fight Team,El Salvador,"Sydney, New South Wales, Australia","74.0"" (188cm)",1900-20-30
Nick Roehrick,N/A,"Orlando, Florida, United States","Orlando, Florida, United States","75.5"" (192cm)",1900-20-30
Jared Rollins,Team Oyama,"California, USA","Stanton, California, USA",N/A,1900-20-30
Jake Rosholt,Arlington MMA,"Sandpoint, Idaho, United States","Arlington, Texas","74.0"" (188cm)",1900-20-30
Rodolfo Rubio Perez,Entram Gym,Mexico,"Mexico City, Mexico","66.0"" (168cm)",1900-20-30
Gabe Ruediger,Team Quest,United States,"Van Nuys, California","70.0"" (178cm)",1900-20-30
Ivan Salaverry,AMC Pankration,Canada,"Seattle, Washington",N/A,1900-20-30
Roman Salazar,Fight Ready MMA,"Mammoth, Arizona","Queen Creek, Arizona","67.5"" (171cm)",1900-20-30
Sean Salmon,N/A,United States,"Columbus, Ohio",N/A,1900-20-30
Jesse Sanders,N/A,United States,"Oskaloosa, Iowa",N/A,1900-20-30
Joseph Sandoval,Bighead MMA,"Amarillo, Texas, United States","Lubbock, Texas","66.0"" (168cm)",1900-20-30
Roldan Sangcha'an,Lakay Central Gym,Philippines,Philippines,"65.0"" (165cm)",1900-20-30
Bruno Santos,MMA Masters,"Lauro de Freitas, Bahia, Brazil","Salvador, Bahia, Brazil","72.0"" (183cm)",1900-20-30
Diego Saraiva,N/A,United States,"Atlanta, Georgia, United States",N/A,1900-20-30
Takenori Sato,TRIBE TOKYO MMA,"Akita, Japan","Shinagawa, Tokyo, Japan","71.0"" (180cm)",1900-20-30
Chris Saunders,All in MMA,United States,"Long Beach, California","69.0"" (175cm)",1900-20-30
Mark Scanlon,Team Kaobon Liverpool,United Kingdom,"Liverpool, England",N/A,1900-20-30
Samy Schiavo,Bushido Academie,France,"Avignon, France",N/A,1900-20-30
Pat Schilling,Ambition Training Academy,"St. Paul, Minnesota, United States","Eagan, Minnesota","70.0"" (178cm)",1900-20-30
Darrill Schoonover,Red Spider MMA,United States,"El Paso, Texas","82.0"" (208cm)",1900-20-30
Matthew Semelsberger,Clinch Academy,United States,"Frederick, Maryland","75.0"" (191cm)",1900-20-30
Ivan Serati,Sure Grip Vale Tudo,Italy,"Monza, Italy",N/A,1900-20-30
Rosi Sexton,Next Generation MMA Liverpool,"Manchester, England","Manchester, England","64.0"" (163cm)",1900-20-30
Shunichi Shimizu,Uruno Dojo,"Tokyo, Japan","Kuchinoerabu, Japan","66.0"" (168cm)",1900-20-30
Josh Shockley,Duneland Vale Tudo,United States,"Hobart, Indiana","74.5"" (189cm)",1900-20-30
Assuerio Silva,N/A,Brazil,"Curitiba, Parana, Brazil",N/A,1900-20-30
Jay Silva,MPF Training Systems,"Luanda, Angola","Huntington Beach, California","75.0"" (191cm)",1900-20-30
Wagner Silva,Tata Fight Team,"Vicosa, Minas Gerais, Brazil","Vicosa, Minas Gerais, Brazil","71.5"" (182cm)",1900-20-30
Bruno Silva,Fight Ready MMA,"Piracicaba, Sao Paulo, Brazil","Rio de Janeiro, Rio de Janeiro, Brazil","66.0"" (168cm)",1900-20-30
Gilbert Smith,Team Victory,United States,"Colorado Springs, Colorado","75.5"" (192cm)",1900-20-30
Sean Soriano,N/A,"Providence, Rhode Island, United States","Fort Lauderdale, Florida","71.0"" (180cm)",1900-20-30
Alex Soto,Team Hurricane Awesome,"Tijuana, Mexico","San Diego, California","70.0"" (178cm)",1900-20-30
Chris Spang,One Kick's Gym,"Växjö, Sweden","Las Vegas, Nevada","76.5"" (194cm)",1900-20-30
Pete Spratt,Metro Fight Club,"Denison, Texas, United States","San Antonio, Texas","71.0"" (180cm)",1900-20-30
Andreas Stahl,Renyi,Sweden,"Umea, Vasterbotten, Sweden","73.0"" (185cm)",1900-20-30
Cristina Stanciu,Absoluto Fighting Center,"Bucharest, Romania","Bucharest, Romania","63.8"" (162cm)",1900-20-30
Dan Stittgen,Midwest Training Center,"Woodstock, Illinois, United States","Schaumburg, Illinois","71.0"" (180cm)",1900-20-30
Denis Stojnic,Golden Glory ,Bosnia Herzegovina,"Sarajevo, Bosnia and Herzegovina",N/A,1900-20-30
Hans Stringer,Blackzilians,Netherlands,"Boca Raton, Florida","73.5"" (187cm)",1900-20-30
Mike Stumpf,Team Curran MMA,"Crystal Lake, Illinois, United States","Crystal Lake, Illinois","71.0"" (180cm)",1900-20-30
Martin Svensson,Frontier MMA Academy,"Horby, Sweden","Malmo, Sweden","72.5"" (184cm)",1900-20-30
Floyd Sword,N/A,United States,"Albuquerque, New Mexico",N/A,1900-20-30
Bentley Syler,American Top Team,"Santa Cruz de la Sierra, Bolivia","Coconut Creek, Florida","68.0"" (173cm)",1900-20-30
Jason Tan,N/A,United Kingdom,"Liverpool, England",N/A,1900-20-30
John Teixeira,Nova União,"Macapa, Amapa, Brazil","Rio de Janeiro, Rio de Janeiro, Brazil","69.0"" (175cm)",1900-20-30
Motonobu Tezuka,Cobra Kai MMA Dojo,"Azumino, Nagano, Japan","Osaka, Japan","66.5"" (169cm)",1900-20-30
Din Thomas,American Top Team,United States,"Orlando, Florida","75.0"" (191cm)",1900-20-30
Ryan Thomas,BARROW MMA,England,"Barrow In Furness, England.",N/A,1900-20-30
Oli Thompson,ZT Fight School,"Hastings, East Sussex, England","Hastings, East Sussex, England","75.0"" (191cm)",1900-20-30
Chris Tickle,Fiore MMA,United States,"Bloomington, Illinois","70.0"" (178cm)",1900-20-30
Nolan Ticman,Kings MMA,United States,"Palm Springs, California","69.0"" (175cm)",1900-20-30
James Toney,N/A,"Grand Rapids, Michigan, United States","Sherman Oaks, California","72.0"" (183cm)",1900-20-30
Anthony Torres,MMAD,United States,USA,N/A,1900-20-30
Ronys Torres,Nova União,Brazil,"Manacapuru, Amazonas, Brazil",N/A,1900-20-30
Alex Torres,Octagon MMA,"Bogota, Colombia","Bogota, Colombia","70.0"" (178cm)",1900-20-30
Tor Troeng,Renyi Fight Camp,"Umea, Sweden","Umea, Sweden","77.5"" (197cm)",1900-20-30
Jumabieke Tuerxun,N/A,China,"Shaanxi, China","67.0"" (170cm)",1900-20-30
Alberto Uda,Nova União,Brazil,"Blumenau, Santa Catarina, Brazil","77.5"" (197cm)",1900-20-30
Yasuhiro Urushitani,TRIBE TOKYO MMA,"Shikokuchuo, Ehime, Japan","Setagaya, Tokyo, Japan","67.0"" (170cm)",1900-20-30
Victor Valimaki,UFC Gym Sherwood Park,"Kingston, Ontario, Canada","Edmonton, Alberta",N/A,1900-20-30
Matt Van Buren,Blackzilians,United States,"Coconut Creek, Florida, United States","76.5"" (194cm)",1900-20-30
Guilherme Vasconcelos,BH Rhinos,"Belo Horizonte, Minas Gerais, Brazil","Belo Horizonte, Minas Gerais, Brazil","74.0"" (188cm)",1900-20-30
Matt Veach,Finney's HIT Squad,"Springfield, Illinois, United States","Granite City, Illinois",N/A,1900-20-30
Joe Vedepo,Team I-Core,United States,"Iowa City, Iowa","74.0"" (188cm)",1900-20-30
Joe Veres,MMA Lab,United States,"Glendale, California, USA",N/A,1900-20-30
Milton Vieira,Brazilian Top Team,"Rio De Janeiro, Brazil","Amazonas, Brazil","72.0"" (183cm)",1900-20-30
Danillo Villefort,Blackzilians,"Brasilia, Brazil","Coconut Creek, Florida","75.5"" (192cm)",1900-20-30
Marcos Vinicius,Striker's House,"Sao Jose dos Pinhais, Parana, Brazil","Curitiba, Parana, Brazil","68.5"" (174cm)",1900-20-30
Neil Wain,Ludus Magnus,United Kingdom,"Doncaster, England",N/A,1900-20-30
Donny Walker,GriffonRawl MMA Academy,"Ashtabula, Ohio, United States","Mentor, Ohio","71.0"" (180cm)",1900-20-30
Ben Wall,Ignite Martial Arts Academy / Dunstandeathsquad,"Brisbane, Queensland, Australia","Brisbane, Queensland, Australia","73.0"" (185cm)",1900-20-30
Jim Wallhead,Team Rough House,"Leicestershire, England","Leicestershire, England","74.0"" (188cm)",1900-20-30
Patrick Walsh,Victory Combat Academy,United States,"Stoughton, Massachusetts","73.0"" (185cm)",1900-20-30
Andy Wang,Grappling Unlimited,Taiwain,Beijing,N/A,1900-20-30
Sai Wang,Enbo Gedou,China,"Beijing, China","71.0"" (180cm)",1900-20-30
Anying Wang,Xi'an Sports University,China,China,"74.0"" (188cm)",1900-20-30
Curt Warburton,NEVT,"Bishop Auckland, England","Liverpool, England","73.0"" (185cm)",1900-20-30
Charlie Ward,Straight Blast Gym Ireland,Ireland,Ireland,"73.5"" (187cm)",1900-20-30
Kyle Watson,Finney's HIT Squad,"Litchfield, Illinois, United States","Granite City, Illinois","70.0"" (178cm)",1900-20-30
Jonavin Webb,Renzo Gracie Philly,United States,"Washington Township, New Jersey","71.0"" (180cm)",1900-20-30
Mike Wessel,Westside Fight Team,United States,"Jonesboro, Arkansas","71.0"" (180cm)",1900-20-30
Aaron Wilkinson,SBG Manchester,United Kingdom,"Manchester, England","72.0"" (183cm)",1900-20-30
Eric Wisely,Roufusport MMA Academy,"Clinton, Iowa","Clinton, Iowa","70.0"" (178cm)",1900-20-30
Keith Wisniewski,Duneland Vale Tudo,"Muenster, Indiana, United States","Hobart, Indiana","73.0"" (185cm)",1900-20-30
Brandon Wolff,MMAD,United States,"Kailua, Hawaii",N/A,1900-20-30
Justin Wren,Travis Lutter BJJ,United States,"Ames, Iowa, United States","73.0"" (185cm)",1900-20-30
Marcin Wrzosek,Shark Top Team Łódź,Poland,"Łódź, Poland","70.0"" (178cm)",1900-20-30
Jamie Yager,Kings MMA,"Pasadena, California, United States","Huntington Beach, California","73.0"" (185cm)",1900-20-30
Eddie Yagin,Alliance MMA,"Hilo, Hawaii, United States","Honolulu, Hawaii","69.0"" (175cm)",1900-20-30
Jianping Yang,Fight Emperor,China,China,"65.0"" (165cm)",1900-20-30
Cale Yarbrough,N/A,United States,United States,N/A,1900-20-30
Besam Yousef,Gladius MMA,"Al-Hassake, Syria","Gothenburg, Sweden","71.5"" (182cm)",1900-20-30
Rob Yundt,N/A,United States,"Wasilla, Alaska, USA",N/A,1900-20-30
Anton Zafir,Whitsunday Martial Arts,Australia,"Queensland, Australia","72.0"" (183cm)",1900-20-30
Roger Zapata,Renzo Gracie Latham,"Latham, New York","Albany, New York","74.0"" (188cm)",1900-20-30
Joao Zeferino,Renzo Gracie Academy,"Florianopolis, Santa Catarina, Brazil","Middletown, New York","74.0"" (188cm)",1900-20-30
